요양기관명,진료과목코드명,시군구코드명,좌표(X),좌표(Y)
부강제일의원,내과,세종시,127.3682714,36.5286527
유경의원,내과,세종시,127.3671585,36.5301731
부영의원,내과,세종시,127.3660282,36.529242
의료법인 영제 의료재단 엔케이세종병원,내과,세종시,127.2622579,36.4796231
트리니움여성병원,내과,세종시,127.3035316,36.4916038
세종충남대학교병원,내과,세종시,127.2579427,36.5195133
운주산성요양병원,내과,세종시,127.2241934,36.6689404
의료법인 선은의료재단 중앙요양병원,내과,세종시,127.2883415,36.6133851
조치원노인전문병원,내과,세종시,127.2378653,36.6130192
한마음효요양병원,내과,세종시,127.2831172,36.6328463
누가연합의원,내과,세종시,127.2044073,36.6800159
전의의원,내과,세종시,127.2041026,36.6806175
서문365정형외과의원,내과,세종시,127.2759102,36.4712866
다정소아청소년과의원,내과,세종시,127.2427341,36.497762
장현진정형외과의원,내과,세종시,127.303395,36.6022578
누가연합의원,내과,세종시,127.2044073,36.6800159
나은정형외과의원,내과,세종시,127.2436247,36.5116253
성가정신건강의학과의원,내과,세종시,127.2980437,36.600399
웰가정의학과의원,내과,세종시,127.2870288,36.592725
세종탑재활의학과의원,내과,세종시,127.2993632,36.4847414
신화비뇨기과의원,내과,세종시,127.2972173,36.6015374
이유경내과의원,내과,세종시,127.3704808,36.323303
홍은표외과의원,내과,세종시,127.2981452,36.6028724
다솜가정의학과의원,내과,세종시,127.2898813,36.5925694
고명철정형외과의원,내과,세종시,127.298413,36.598657
이은경소아청소년과의원,내과,세종시,127.298413,36.598657
김승환이비인후과의원,내과,세종시,127.2986527,36.5997257
서울연합외과의원,내과,세종시,127.2991293,36.6011976
세종다사랑가정의학과의원,내과,세종시,127.2496518,36.5045141
삼성전기(주) 부속의원,내과,세종시,127.3342958,36.5406447
서울신통마취통증의학과의원,내과,세종시,127.2980437,36.600399
여러분소통내과의원,내과,세종시,127.2986527,36.5997257
세종속편한내과의원,내과,세종시,127.2489104,36.5113767
크로바내과의원,내과,세종시,127.2572291,36.4868089
좋은하루이비인후과의원,내과,세종시,127.2600097,36.51388
세종아이소아청소년과의원,내과,세종시,127.2497581,36.5042368
세종프라우메디산부인과의원,내과,세종시,127.2620398,36.4799392
세종반석정형외과의원,내과,세종시,127.2625014,36.4793087
세종마취통증의학과의원,내과,세종시,127.2605134,36.4820673
킹세종 이비인후과의원,내과,세종시,127.2622919,36.5073947
지에프정형외과의원,내과,세종시,127.2500259,36.5027235
세종항도외과의원,내과,세종시,127.2572291,36.4868089
건강한가족의원,내과,세종시,127.2587803,36.5134339
유앤이내과의원,내과,세종시,127.2495396,36.504761
맑은내과외과의원,내과,세종시,127.2499705,36.5029419
서울아산신경외과의원,내과,세종시,127.2578795,36.4896561
백앤미의원,내과,세종시,127.2624604,36.5082343
최훈내과의원,내과,세종시,127.2495907,36.5113452
세종조은내과의원,내과,세종시,127.3117411,36.4980544
세종성모소아청소년과의원,내과,세종시,127.2897534,36.4785762
매일연합의원,내과,세종시,127.2588023,36.5073644
세종시원마취통증의학과의원,내과,세종시,127.2486205,36.5119496
세종연세소아청소년과의원,내과,세종시,127.250789,36.4850028
서울굿닥터(새롬)의원,내과,세종시,127.250338,36.4857521
세종가톨릭정형외과의원,내과,세종시,127.2481238,36.502816
두미소신경과의원,내과,세종시,127.2574385,36.4864392
세종국민건강의원,내과,세종시,127.2548754,36.4914625
서울삼성이비인후과의원,내과,세종시,127.2563759,36.4888054
블랑피부과의원,내과,세종시,127.2624604,36.5082343
제일연합내과의원,내과,세종시,127.251249,36.486926
세종드림연합의원,내과,세종시,127.2767834,36.4729981
새롬정형외과의원,내과,세종시,127.2524926,36.4845919
소담튼튼소아청소년과의원,내과,세종시,127.299641,36.4850402
소담내과의원,내과,세종시,127.299641,36.4850402
코알이비인후과의원,내과,세종시,127.2993632,36.4847414
세종우리의원,내과,세종시,127.2492573,36.4951815
세종스카이내과의원,내과,세종시,127.2644917,36.5285836
핑크유외과의원,내과,세종시,127.2410581,36.5124514
참좋은서울아산내과의원,내과,세종시,127.2492274,36.495625
세종바른연합의원,내과,세종시,127.3127124,36.4981376
김예진내과의원,내과,세종시,127.2584286,36.515927
다정서문365정형외과의원,내과,세종시,127.2492573,36.4951815
세종 정형외과의원,내과,세종시,127.2584602,36.5152951
다정내과의원,내과,세종시,127.2485084,36.4956266
세종성모내과의원,내과,세종시,127.2622919,36.5073947
김형기신경외과의원,내과,세종시,127.2979673,36.6036614
서산부인과의원,내과,세종시,127.2430055,36.5122628
아름누리소아청소년과의원,내과,세종시,127.2991555,36.4844894
도란도란소아청소년과의원,내과,세종시,127.2485084,36.4956266
따뜻한 정신건강의학과의원,내과,세종시,127.2780049,36.4726172
세종맑은이비인후과의원,내과,세종시,127.2496518,36.5045141
정석이비인후과의원,내과,세종시,127.2980437,36.600399
우리메디컬의원,내과,세종시,127.2339799,36.5058406
한양가정의학과의원,내과,세종시,127.2988777,36.5979007
세종서울정형외과의원,내과,세종시,127.2622919,36.5073947
이도내과의원,내과,세종시,127.2884324,36.4780565
유성연합의원,내과,세종시,127.2979673,36.6036614
세종코아이비인후과의원,내과,세종시,127.2353447,36.5195857
종촌제일연합내과의원,내과,세종시,127.2481238,36.502816
송창헌내과의원,내과,세종시,127.2563759,36.4888054
세종365의원,내과,세종시,127.3022365,36.4894906
서울어반내과의원,내과,세종시,127.2610026,36.487879
세종장사랑내과의원,내과,세종시,127.2422098,36.5122956
굿제이산부인과의원,내과,세종시,127.2624604,36.5082343
허브연합내과의원,내과,세종시,127.2650247,36.5290997
더블유세종어진건강의원,내과,세종시,127.2572294,36.495415
윤빛소아청소년과의원,내과,세종시,127.2644917,36.5285836
메디캐치의원,내과,세종시,127.2352862,36.5184972
봄봄이비인후과의원,내과,세종시,127.233744,36.5055731
중앙연합의원,내과,세종시,127.2780049,36.4726172
손근형소아청소년과의원,내과,세종시,127.2602452,36.4890738
위하는내과의원,내과,세종시,127.3099443,36.4978764
우리메디컬의원,내과,세종시,127.2339799,36.5058406
서울삼성이비인후과의원,내과,세종시,127.2563759,36.4888054
서울아산신경외과의원,내과,세종시,127.2578795,36.4896561
서울삼성이비인후과의원,내과,세종시,127.2563759,36.4888054
건강한가족의원,내과,세종시,127.2587803,36.5134339
소리숨이비인후과의원,내과,세종시,127.2610026,36.487879
봄봄이비인후과의원,내과,세종시,127.233744,36.5055731
세종심온한방병원,내과,세종시,127.2754587,36.4710506
오케이한방병원,내과,세종시,127.2558359,36.4939328
한양가정의학과의원,내과,세종시,127.2988777,36.5979007
중앙연합의원,내과,세종시,127.2780049,36.4726172
중앙연합의원,내과,세종시,127.2780049,36.4726172
건강한가족의원,신경과,세종시,127.2587803,36.5134339
더공감정신건강의학과의원,신경과,세종시,127.2891042,36.4783531
서울아산신경외과의원,신경과,세종시,127.2578795,36.4896561
우리메디컬의원,신경과,세종시,127.2339799,36.5058406
메디캐치의원,신경과,세종시,127.2352862,36.5184972
세종위드정형외과의원,신경과,세종시,127.2567369,36.4878216
세종장사랑내과의원,신경과,세종시,127.2422098,36.5122956
세종365의원,신경과,세종시,127.3022365,36.4894906
허브연합내과의원,신경과,세종시,127.2650247,36.5290997
따뜻한 정신건강의학과의원,신경과,세종시,127.2780049,36.4726172
세종맑은이비인후과의원,신경과,세종시,127.2496518,36.5045141
유성연합의원,신경과,세종시,127.2979673,36.6036614
한양가정의학과의원,신경과,세종시,127.2988777,36.5979007
김예진내과의원,신경과,세종시,127.2584286,36.515927
다정서문365정형외과의원,신경과,세종시,127.2492573,36.4951815
핑크유외과의원,신경과,세종시,127.2410581,36.5124514
다정내과의원,신경과,세종시,127.2485084,36.4956266
서산부인과의원,신경과,세종시,127.2430055,36.5122628
김형기신경외과의원,신경과,세종시,127.2979673,36.6036614
소리숨이비인후과의원,신경과,세종시,127.2610026,36.487879
두미소신경과의원,신경과,세종시,127.2574385,36.4864392
서울굿닥터(새롬)의원,신경과,세종시,127.250338,36.4857521
세종우리의원,신경과,세종시,127.2492573,36.4951815
새롬정형외과의원,신경과,세종시,127.2524926,36.4845919
세종드림연합의원,신경과,세종시,127.2767834,36.4729981
코알이비인후과의원,신경과,세종시,127.2993632,36.4847414
세종국민건강의원,신경과,세종시,127.2548754,36.4914625
블랑피부과의원,신경과,세종시,127.2624604,36.5082343
백앤미의원,신경과,세종시,127.2624604,36.5082343
최훈내과의원,신경과,세종시,127.2495907,36.5113452
세종조은내과의원,신경과,세종시,127.3117411,36.4980544
서울아산신경외과의원,신경과,세종시,127.2578795,36.4896561
세종마취통증의학과의원,신경과,세종시,127.2605134,36.4820673
킹세종 이비인후과의원,신경과,세종시,127.2622919,36.5073947
세종다사랑가정의학과의원,신경과,세종시,127.2496518,36.5045141
성가정신건강의학과의원,신경과,세종시,127.2980437,36.600399
세종충남대학교병원,신경과,세종시,127.2579427,36.5195133
세종충남대학교병원,정신건강의학과,세종시,127.2579427,36.5195133
의료법인은혜의료재단 은혜기독병원,정신건강의학과,세종시,127.2381517,36.5713349
성가정신건강의학과의원,정신건강의학과,세종시,127.2980437,36.600399
세종다사랑가정의학과의원,정신건강의학과,세종시,127.2496518,36.5045141
여러분소통내과의원,정신건강의학과,세종시,127.2986527,36.5997257
삼성전기(주) 부속의원,정신건강의학과,세종시,127.3342958,36.5406447
킹세종 이비인후과의원,정신건강의학과,세종시,127.2622919,36.5073947
최훈내과의원,정신건강의학과,세종시,127.2495907,36.5113452
세종쉼정신건강의학과의원,정신건강의학과,세종시,127.2584602,36.5152951
스마트정신건강의학과의원,정신건강의학과,세종시,127.2624604,36.5082343
백앤미의원,정신건강의학과,세종시,127.2624604,36.5082343
서울아산신경외과의원,정신건강의학과,세종시,127.2578795,36.4896561
삼성마음그린정신건강의학과의원,정신건강의학과,세종시,127.2572291,36.4868089
블랑피부과의원,정신건강의학과,세종시,127.2624604,36.5082343
이안정신건강의학과의원,정신건강의학과,세종시,127.2564824,36.4884841
연세정담정신건강의학과의원,정신건강의학과,세종시,127.2611239,36.5080759
소리숨이비인후과의원,정신건강의학과,세종시,127.2610026,36.487879
새롬정형외과의원,정신건강의학과,세종시,127.2524926,36.4845919
두미소신경과의원,정신건강의학과,세종시,127.2574385,36.4864392
코알이비인후과의원,정신건강의학과,세종시,127.2993632,36.4847414
세종우리의원,정신건강의학과,세종시,127.2492573,36.4951815
세종숲정신건강의학과의원,정신건강의학과,세종시,127.2481238,36.502816
더공감정신건강의학과의원,정신건강의학과,세종시,127.2891042,36.4783531
따뜻한 정신건강의학과의원,정신건강의학과,세종시,127.2780049,36.4726172
허브연합내과의원,정신건강의학과,세종시,127.2650247,36.5290997
세종365의원,정신건강의학과,세종시,127.3022365,36.4894906
연세나무 정신건강의학과의원,정신건강의학과,세종시,127.2602452,36.4890738
마음현정신건강의학과의원,정신건강의학과,세종시,127.2563759,36.4888054
동행정신건강의학과의원,정신건강의학과,세종시,127.2624604,36.5082343
성가정신건강의학과의원,정신건강의학과,세종시,127.2980437,36.600399
우리메디컬의원,정신건강의학과,세종시,127.2339799,36.5058406
더공감정신건강의학과의원,정신건강의학과,세종시,127.2891042,36.4783531
동행정신건강의학과의원,정신건강의학과,세종시,127.2624604,36.5082343
중앙연합의원,외과,세종시,127.2780049,36.4726172
서울삼성이비인후과의원,외과,세종시,127.2563759,36.4888054
서울아산신경외과의원,외과,세종시,127.2578795,36.4896561
서울삼성이비인후과의원,외과,세종시,127.2563759,36.4888054
우리메디컬의원,외과,세종시,127.2339799,36.5058406
세종위드정형외과의원,외과,세종시,127.2567369,36.4878216
소담에스정형외과의원,외과,세종시,127.2991555,36.4844894
리더본재활의학과의원,외과,세종시,127.2602452,36.4890738
세종이지항외과의원,외과,세종시,127.2558359,36.4939328
세종바른유외과의원,외과,세종시,127.2618223,36.4802343
세종365의원,외과,세종시,127.3022365,36.4894906
유성연합의원,외과,세종시,127.2979673,36.6036614
우리메디컬의원,외과,세종시,127.2339799,36.5058406
한양가정의학과의원,외과,세종시,127.2988777,36.5979007
세종서울정형외과의원,외과,세종시,127.2622919,36.5073947
아름누리소아청소년과의원,외과,세종시,127.2991555,36.4844894
김형기신경외과의원,외과,세종시,127.2979673,36.6036614
서산부인과의원,외과,세종시,127.2430055,36.5122628
다정서문365정형외과의원,외과,세종시,127.2492573,36.4951815
핑크유외과의원,외과,세종시,127.2410581,36.5124514
세종드림연합의원,외과,세종시,127.2767834,36.4729981
코알이비인후과의원,외과,세종시,127.2993632,36.4847414
세종우리의원,외과,세종시,127.2492573,36.4951815
세종국민건강의원,외과,세종시,127.2548754,36.4914625
세종가톨릭정형외과의원,외과,세종시,127.2481238,36.502816
블랑피부과의원,외과,세종시,127.2624604,36.5082343
새롬정형외과의원,외과,세종시,127.2524926,36.4845919
최훈내과의원,외과,세종시,127.2495907,36.5113452
세종시원마취통증의학과의원,외과,세종시,127.2486205,36.5119496
세종항도외과의원,외과,세종시,127.2572291,36.4868089
서울아산신경외과의원,외과,세종시,127.2578795,36.4896561
맑은내과외과의원,외과,세종시,127.2499705,36.5029419
백앤미의원,외과,세종시,127.2624604,36.5082343
지에프정형외과의원,외과,세종시,127.2500259,36.5027235
세종속편한내과의원,외과,세종시,127.2489104,36.5113767
세종프라우메디산부인과의원,외과,세종시,127.2620398,36.4799392
세종반석정형외과의원,외과,세종시,127.2625014,36.4793087
좋은하루이비인후과의원,외과,세종시,127.2600097,36.51388
씨엘비뇨기과의원,외과,세종시,127.2495396,36.504761
삼성전기(주) 부속의원,외과,세종시,127.3342958,36.5406447
세종다사랑가정의학과의원,외과,세종시,127.2496518,36.5045141
다솜가정의학과의원,외과,세종시,127.2898813,36.5925694
이은경소아청소년과의원,외과,세종시,127.298413,36.598657
고명철정형외과의원,외과,세종시,127.298413,36.598657
홍은표외과의원,외과,세종시,127.2981452,36.6028724
세종탑재활의학과의원,외과,세종시,127.2993632,36.4847414
나은정형외과의원,외과,세종시,127.2436247,36.5116253
서문365정형외과의원,외과,세종시,127.2759102,36.4712866
장현진정형외과의원,외과,세종시,127.303395,36.6022578
누가연합의원,외과,세종시,127.2044073,36.6800159
운주산성요양병원,외과,세종시,127.2241934,36.6689404
조치원노인전문병원,외과,세종시,127.2378653,36.6130192
세종충남대학교병원,외과,세종시,127.2579427,36.5195133
의료법인 영제 의료재단 엔케이세종병원,외과,세종시,127.2622579,36.4796231
부영의원,외과,세종시,127.3660282,36.529242
부강제일의원,외과,세종시,127.3682714,36.5286527
부영의원,정형외과,세종시,127.3660282,36.529242
의료법인 영제 의료재단 엔케이세종병원,정형외과,세종시,127.2622579,36.4796231
세종충남대학교병원,정형외과,세종시,127.2579427,36.5195133
의료법인 선은의료재단 중앙요양병원,정형외과,세종시,127.2883415,36.6133851
조치원노인전문병원,정형외과,세종시,127.2378653,36.6130192
한마음효요양병원,정형외과,세종시,127.2831172,36.6328463
누가연합의원,정형외과,세종시,127.2044073,36.6800159
누가연합의원,정형외과,세종시,127.2044073,36.6800159
장현진정형외과의원,정형외과,세종시,127.303395,36.6022578
서문365정형외과의원,정형외과,세종시,127.2759102,36.4712866
나은정형외과의원,정형외과,세종시,127.2436247,36.5116253
웰가정의학과의원,정형외과,세종시,127.2870288,36.592725
세종탑재활의학과의원,정형외과,세종시,127.2993632,36.4847414
홍은표외과의원,정형외과,세종시,127.2981452,36.6028724
다솜가정의학과의원,정형외과,세종시,127.2898813,36.5925694
고명철정형외과의원,정형외과,세종시,127.298413,36.598657
세종다사랑가정의학과의원,정형외과,세종시,127.2496518,36.5045141
서울연합외과의원,정형외과,세종시,127.2991293,36.6011976
서울신통마취통증의학과의원,정형외과,세종시,127.2980437,36.600399
여러분소통내과의원,정형외과,세종시,127.2986527,36.5997257
삼성전기(주) 부속의원,정형외과,세종시,127.3342958,36.5406447
세종속편한내과의원,정형외과,세종시,127.2489104,36.5113767
지에프정형외과의원,정형외과,세종시,127.2500259,36.5027235
세종마취통증의학과의원,정형외과,세종시,127.2605134,36.4820673
세종반석정형외과의원,정형외과,세종시,127.2625014,36.4793087
킹세종 이비인후과의원,정형외과,세종시,127.2622919,36.5073947
좋은하루이비인후과의원,정형외과,세종시,127.2600097,36.51388
세종항도외과의원,정형외과,세종시,127.2572291,36.4868089
서울아산신경외과의원,정형외과,세종시,127.2578795,36.4896561
맑은내과외과의원,정형외과,세종시,127.2499705,36.5029419
세종시원마취통증의학과의원,정형외과,세종시,127.2486205,36.5119496
올마취통증의학과의원,정형외과,세종시,127.2496518,36.5045141
백앤미의원,정형외과,세종시,127.2624604,36.5082343
최훈내과의원,정형외과,세종시,127.2495907,36.5113452
새롬정형외과의원,정형외과,세종시,127.2524926,36.4845919
세종국민건강의원,정형외과,세종시,127.2548754,36.4914625
블랑피부과의원,정형외과,세종시,127.2624604,36.5082343
서울굿닥터(새롬)의원,정형외과,세종시,127.250338,36.4857521
세종드림연합의원,정형외과,세종시,127.2767834,36.4729981
세종우리의원,정형외과,세종시,127.2492573,36.4951815
제일연합내과의원,정형외과,세종시,127.251249,36.486926
세종가톨릭정형외과의원,정형외과,세종시,127.2481238,36.502816
힘내라신경외과의원,정형외과,세종시,127.2502282,36.4868892
코알이비인후과의원,정형외과,세종시,127.2993632,36.4847414
세종 정형외과의원,정형외과,세종시,127.2584602,36.5152951
김형기신경외과의원,정형외과,세종시,127.2979673,36.6036614
세종고려정형외과의원,정형외과,세종시,127.2884324,36.4780565
서산부인과의원,정형외과,세종시,127.2430055,36.5122628
세종바른연합의원,정형외과,세종시,127.3127124,36.4981376
다정서문365정형외과의원,정형외과,세종시,127.2492573,36.4951815
한양가정의학과의원,정형외과,세종시,127.2988777,36.5979007
유성연합의원,정형외과,세종시,127.2979673,36.6036614
우리메디컬의원,정형외과,세종시,127.2339799,36.5058406
세종서울정형외과의원,정형외과,세종시,127.2622919,36.5073947
리더본재활의학과의원,정형외과,세종시,127.2602452,36.4890738
세종위드정형외과의원,정형외과,세종시,127.2567369,36.4878216
소담에스정형외과의원,정형외과,세종시,127.2991555,36.4844894
메디캐치 정형외과의원,정형외과,세종시,127.2352862,36.5184972
우리메디컬의원,정형외과,세종시,127.2339799,36.5058406
나은정형외과의원,정형외과,세종시,127.2436247,36.5116253
서울아산신경외과의원,정형외과,세종시,127.2578795,36.4896561
서울삼성이비인후과의원,정형외과,세종시,127.2563759,36.4888054
건강한가족의원,정형외과,세종시,127.2587803,36.5134339
중앙연합의원,정형외과,세종시,127.2780049,36.4726172
중앙연합의원,정형외과,세종시,127.2780049,36.4726172
중앙연합의원,신경외과,세종시,127.2780049,36.4726172
중앙연합의원,신경외과,세종시,127.2780049,36.4726172
서울아산신경외과의원,신경외과,세종시,127.2578795,36.4896561
우리메디컬의원,신경외과,세종시,127.2339799,36.5058406
소담에스정형외과의원,신경외과,세종시,127.2991555,36.4844894
세종위드정형외과의원,신경외과,세종시,127.2567369,36.4878216
리더본재활의학과의원,신경외과,세종시,127.2602452,36.4890738
세종서울정형외과의원,신경외과,세종시,127.2622919,36.5073947
한양가정의학과의원,신경외과,세종시,127.2988777,36.5979007
서산부인과의원,신경외과,세종시,127.2430055,36.5122628
세종고려정형외과의원,신경외과,세종시,127.2884324,36.4780565
다정서문365정형외과의원,신경외과,세종시,127.2492573,36.4951815
김형기신경외과의원,신경외과,세종시,127.2979673,36.6036614
블랑피부과의원,신경외과,세종시,127.2624604,36.5082343
두미소신경과의원,신경외과,세종시,127.2574385,36.4864392
서울굿닥터(새롬)의원,신경외과,세종시,127.250338,36.4857521
세종가톨릭정형외과의원,신경외과,세종시,127.2481238,36.502816
힘내라신경외과의원,신경외과,세종시,127.2502282,36.4868892
코알이비인후과의원,신경외과,세종시,127.2993632,36.4847414
새롬정형외과의원,신경외과,세종시,127.2524926,36.4845919
세종드림연합의원,신경외과,세종시,127.2767834,36.4729981
올마취통증의학과의원,신경외과,세종시,127.2496518,36.5045141
세종시원마취통증의학과의원,신경외과,세종시,127.2486205,36.5119496
서울아산신경외과의원,신경외과,세종시,127.2578795,36.4896561
맑은내과외과의원,신경외과,세종시,127.2499705,36.5029419
킹세종 이비인후과의원,신경외과,세종시,127.2622919,36.5073947
지에프정형외과의원,신경외과,세종시,127.2500259,36.5027235
세종반석정형외과의원,신경외과,세종시,127.2625014,36.4793087
세종마취통증의학과의원,신경외과,세종시,127.2605134,36.4820673
세종속편한내과의원,신경외과,세종시,127.2489104,36.5113767
여러분소통내과의원,신경외과,세종시,127.2986527,36.5997257
서울신통마취통증의학과의원,신경외과,세종시,127.2980437,36.600399
서울연합외과의원,신경외과,세종시,127.2991293,36.6011976
홍은표외과의원,신경외과,세종시,127.2981452,36.6028724
세종탑재활의학과의원,신경외과,세종시,127.2993632,36.4847414
서문365정형외과의원,신경외과,세종시,127.2759102,36.4712866
조치원노인전문병원,신경외과,세종시,127.2378653,36.6130192
세종충남대학교병원,신경외과,세종시,127.2579427,36.5195133
의료법인 영제 의료재단 엔케이세종병원,신경외과,세종시,127.2622579,36.4796231
세종충남대학교병원,심장혈관흉부외과,세종시,127.2579427,36.5195133
한마음효요양병원,심장혈관흉부외과,세종시,127.2831172,36.6328463
서문365정형외과의원,심장혈관흉부외과,세종시,127.2759102,36.4712866
홍은표외과의원,심장혈관흉부외과,세종시,127.2981452,36.6028724
코알이비인후과의원,심장혈관흉부외과,세종시,127.2993632,36.4847414
새롬정형외과의원,심장혈관흉부외과,세종시,127.2524926,36.4845919
블랑피부과의원,심장혈관흉부외과,세종시,127.2624604,36.5082343
세종국민건강의원,심장혈관흉부외과,세종시,127.2548754,36.4914625
세종가톨릭정형외과의원,심장혈관흉부외과,세종시,127.2481238,36.502816
서산부인과의원,심장혈관흉부외과,세종시,127.2430055,36.5122628
우리메디컬의원,심장혈관흉부외과,세종시,127.2339799,36.5058406
서울아산신경외과의원,심장혈관흉부외과,세종시,127.2578795,36.4896561
중앙연합의원,성형외과,세종시,127.2780049,36.4726172
서울삼성이비인후과의원,성형외과,세종시,127.2563759,36.4888054
우리메디컬의원,성형외과,세종시,127.2339799,36.5058406
연세미니성형외과의원,성형외과,세종시,127.2564824,36.4884841
세종시청점오라클피부과의원,성형외과,세종시,127.2884324,36.4780565
세종톡스앤필의원,성형외과,세종시,127.2572291,36.4868089
라비에피부과의원,성형외과,세종시,127.248559,36.4949999
다정서문365정형외과의원,성형외과,세종시,127.2492573,36.4951815
서산부인과의원,성형외과,세종시,127.2430055,36.5122628
블랑피부과의원,성형외과,세종시,127.2624604,36.5082343
코알이비인후과의원,성형외과,세종시,127.2993632,36.4847414
새롬정형외과의원,성형외과,세종시,127.2524926,36.4845919
백앤미의원,성형외과,세종시,127.2624604,36.5082343
브이유의원,성형외과,세종시,127.2589217,36.4898187
세종연세에스의원,성형외과,세종시,127.2567369,36.4878216
서울아산신경외과의원,성형외과,세종시,127.2578795,36.4896561
삼성필성형외과의원,성형외과,세종시,127.2567369,36.4878216
강남 더 뷰티 성형외과의원,성형외과,세종시,127.2618223,36.4802343
킹세종 이비인후과의원,성형외과,세종시,127.2622919,36.5073947
세종속편한내과의원,성형외과,세종시,127.2489104,36.5113767
세종제이피부과의원,성형외과,세종시,127.2494741,36.5119072
세종뷰티의원,성형외과,세종시,127.2622919,36.5073947
서문365정형외과의원,성형외과,세종시,127.2759102,36.4712866
세종충남대학교병원,성형외과,세종시,127.2579427,36.5195133
의료법인 영제 의료재단 엔케이세종병원,마취통증의학과,세종시,127.2622579,36.4796231
세종충남대학교병원,마취통증의학과,세종시,127.2579427,36.5195133
트리니움여성병원,마취통증의학과,세종시,127.3035316,36.4916038
서문365정형외과의원,마취통증의학과,세종시,127.2759102,36.4712866
누가연합의원,마취통증의학과,세종시,127.2044073,36.6800159
장현진정형외과의원,마취통증의학과,세종시,127.303395,36.6022578
나은정형외과의원,마취통증의학과,세종시,127.2436247,36.5116253
세종탑재활의학과의원,마취통증의학과,세종시,127.2993632,36.4847414
세종다사랑가정의학과의원,마취통증의학과,세종시,127.2496518,36.5045141
서울신통마취통증의학과의원,마취통증의학과,세종시,127.2980437,36.600399
여러분소통내과의원,마취통증의학과,세종시,127.2986527,36.5997257
킹세종 이비인후과의원,마취통증의학과,세종시,127.2622919,36.5073947
세종마취통증의학과의원,마취통증의학과,세종시,127.2605134,36.4820673
세종속편한내과의원,마취통증의학과,세종시,127.2489104,36.5113767
지에프정형외과의원,마취통증의학과,세종시,127.2500259,36.5027235
백앤미의원,마취통증의학과,세종시,127.2624604,36.5082343
세종항도외과의원,마취통증의학과,세종시,127.2572291,36.4868089
서울아산신경외과의원,마취통증의학과,세종시,127.2578795,36.4896561
세종시원마취통증의학과의원,마취통증의학과,세종시,127.2486205,36.5119496
올마취통증의학과의원,마취통증의학과,세종시,127.2496518,36.5045141
서울굿닥터(새롬)의원,마취통증의학과,세종시,127.250338,36.4857521
세종스카이내과의원,마취통증의학과,세종시,127.2644917,36.5285836
세종가톨릭정형외과의원,마취통증의학과,세종시,127.2481238,36.502816
힘내라신경외과의원,마취통증의학과,세종시,127.2502282,36.4868892
두미소신경과의원,마취통증의학과,세종시,127.2574385,36.4864392
세종드림연합의원,마취통증의학과,세종시,127.2767834,36.4729981
새롬정형외과의원,마취통증의학과,세종시,127.2524926,36.4845919
블랑피부과의원,마취통증의학과,세종시,127.2624604,36.5082343
이화메디산부인과의원,마취통증의학과,세종시,127.2567369,36.4878216
다정서문365정형외과의원,마취통증의학과,세종시,127.2492573,36.4951815
세종고려정형외과의원,마취통증의학과,세종시,127.2884324,36.4780565
김형기신경외과의원,마취통증의학과,세종시,127.2979673,36.6036614
서산부인과의원,마취통증의학과,세종시,127.2430055,36.5122628
유성연합의원,마취통증의학과,세종시,127.2979673,36.6036614
세종서울정형외과의원,마취통증의학과,세종시,127.2622919,36.5073947
한양가정의학과의원,마취통증의학과,세종시,127.2988777,36.5979007
수앤미통증의학과의원,마취통증의학과,세종시,127.2584602,36.5152951
리더본재활의학과의원,마취통증의학과,세종시,127.2602452,36.4890738
세종위드정형외과의원,마취통증의학과,세종시,127.2567369,36.4878216
소담에스정형외과의원,마취통증의학과,세종시,127.2991555,36.4844894
우리메디컬의원,마취통증의학과,세종시,127.2339799,36.5058406
서울삼성이비인후과의원,마취통증의학과,세종시,127.2563759,36.4888054
서울아산신경외과의원,마취통증의학과,세종시,127.2578795,36.4896561
세종심온한방병원,마취통증의학과,세종시,127.2754587,36.4710506
중앙연합의원,마취통증의학과,세종시,127.2780049,36.4726172
건강한가족의원,산부인과,세종시,127.2587803,36.5134339
우리메디컬의원,산부인과,세종시,127.2339799,36.5058406
메디캐치의원,산부인과,세종시,127.2352862,36.5184972
더블유세종어진건강의원,산부인과,세종시,127.2572294,36.495415
굿제이산부인과의원,산부인과,세종시,127.2624604,36.5082343
세종장사랑내과의원,산부인과,세종시,127.2422098,36.5122956
노블클라쎄산부인과의원,산부인과,세종시,127.2865004,36.4773068
유성연합의원,산부인과,세종시,127.2979673,36.6036614
세종 정형외과의원,산부인과,세종시,127.2584602,36.5152951
이화메디산부인과의원,산부인과,세종시,127.2567369,36.4878216
서산부인과의원,산부인과,세종시,127.2430055,36.5122628
블랑피부과의원,산부인과,세종시,127.2624604,36.5082343
세종국민건강의원,산부인과,세종시,127.2548754,36.4914625
백앤미의원,산부인과,세종시,127.2624604,36.5082343
세종미즈산부인과의원,산부인과,세종시,127.2495396,36.504761
세종속편한내과의원,산부인과,세종시,127.2489104,36.5113767
좋은하루이비인후과의원,산부인과,세종시,127.2600097,36.51388
세종프라우메디산부인과의원,산부인과,세종시,127.2620398,36.4799392
삼성전기(주) 부속의원,산부인과,세종시,127.3342958,36.5406447
여러분소통내과의원,산부인과,세종시,127.2986527,36.5997257
세종제일산부인과의원,산부인과,세종시,127.2771921,36.4720981
이유경내과의원,산부인과,세종시,127.3704808,36.323303
양규준산부인과의원,산부인과,세종시,127.2984493,36.600422
한마음효요양병원,산부인과,세종시,127.2831172,36.6328463
세종충남대학교병원,산부인과,세종시,127.2579427,36.5195133
트리니움여성병원,산부인과,세종시,127.3035316,36.4916038
부강제일의원,소아청소년과,세종시,127.3682714,36.5286527
부영의원,소아청소년과,세종시,127.3660282,36.529242
의료법인 영제 의료재단 엔케이세종병원,소아청소년과,세종시,127.2622579,36.4796231
세종충남대학교병원,소아청소년과,세종시,127.2579427,36.5195133
트리니움여성병원,소아청소년과,세종시,127.3035316,36.4916038
전의의원,소아청소년과,세종시,127.2041026,36.6806175
누가연합의원,소아청소년과,세종시,127.2044073,36.6800159
다정소아청소년과의원,소아청소년과,세종시,127.2427341,36.497762
장현진정형외과의원,소아청소년과,세종시,127.303395,36.6022578
나은정형외과의원,소아청소년과,세종시,127.2436247,36.5116253
웰가정의학과의원,소아청소년과,세종시,127.2870288,36.592725
이유경내과의원,소아청소년과,세종시,127.3704808,36.323303
신화비뇨기과의원,소아청소년과,세종시,127.2972173,36.6015374
홍은표외과의원,소아청소년과,세종시,127.2981452,36.6028724
다솜가정의학과의원,소아청소년과,세종시,127.2898813,36.5925694
김승환이비인후과의원,소아청소년과,세종시,127.2986527,36.5997257
고명철정형외과의원,소아청소년과,세종시,127.298413,36.598657
이은경소아청소년과의원,소아청소년과,세종시,127.298413,36.598657
세종다사랑가정의학과의원,소아청소년과,세종시,127.2496518,36.5045141
킹세종 이비인후과의원,소아청소년과,세종시,127.2622919,36.5073947
세종속편한내과의원,소아청소년과,세종시,127.2489104,36.5113767
세종아이소아청소년과의원,소아청소년과,세종시,127.2497581,36.5042368
좋은하루이비인후과의원,소아청소년과,세종시,127.2600097,36.51388
세움소아청소년과의원,소아청소년과,세종시,127.2494741,36.5119072
이삭 소아청소년과의원,소아청소년과,세종시,127.2618223,36.4802343
곰돌이 소아청소년과의원,소아청소년과,세종시,127.2499068,36.5031568
세종프라우메디산부인과의원,소아청소년과,세종시,127.2620398,36.4799392
여러분소통내과의원,소아청소년과,세종시,127.2986527,36.5997257
건강한가족의원,소아청소년과,세종시,127.2587803,36.5134339
최훈내과의원,소아청소년과,세종시,127.2495907,36.5113452
백앤미의원,소아청소년과,세종시,127.2624604,36.5082343
맑은내과외과의원,소아청소년과,세종시,127.2499705,36.5029419
세종조은내과의원,소아청소년과,세종시,127.3117411,36.4980544
매일연합의원,소아청소년과,세종시,127.2588023,36.5073644
세종성모소아청소년과의원,소아청소년과,세종시,127.2897534,36.4785762
세종항도외과의원,소아청소년과,세종시,127.2572291,36.4868089
세종우리의원,소아청소년과,세종시,127.2492573,36.4951815
서울삼성이비인후과의원,소아청소년과,세종시,127.2563759,36.4888054
블랑피부과의원,소아청소년과,세종시,127.2624604,36.5082343
새롬정형외과의원,소아청소년과,세종시,127.2524926,36.4845919
세종스카이내과의원,소아청소년과,세종시,127.2644917,36.5285836
소담튼튼소아청소년과의원,소아청소년과,세종시,127.299641,36.4850402
코알이비인후과의원,소아청소년과,세종시,127.2993632,36.4847414
세종국민건강의원,소아청소년과,세종시,127.2548754,36.4914625
소담내과의원,소아청소년과,세종시,127.299641,36.4850402
소리숨이비인후과의원,소아청소년과,세종시,127.2610026,36.487879
세종가톨릭정형외과의원,소아청소년과,세종시,127.2481238,36.502816
세종연세소아청소년과의원,소아청소년과,세종시,127.250789,36.4850028
제일연합내과의원,소아청소년과,세종시,127.251249,36.486926
세종드림연합의원,소아청소년과,세종시,127.2767834,36.4729981
세종 정형외과의원,소아청소년과,세종시,127.2584602,36.5152951
서산부인과의원,소아청소년과,세종시,127.2430055,36.5122628
김형기신경외과의원,소아청소년과,세종시,127.2979673,36.6036614
도란도란소아청소년과의원,소아청소년과,세종시,127.2485084,36.4956266
아름누리소아청소년과의원,소아청소년과,세종시,127.2991555,36.4844894
김예진내과의원,소아청소년과,세종시,127.2584286,36.515927
세종성모내과의원,소아청소년과,세종시,127.2622919,36.5073947
유성연합의원,소아청소년과,세종시,127.2979673,36.6036614
이도내과의원,소아청소년과,세종시,127.2884324,36.4780565
세종맑은이비인후과의원,소아청소년과,세종시,127.2496518,36.5045141
정석이비인후과의원,소아청소년과,세종시,127.2980437,36.600399
우리메디컬의원,소아청소년과,세종시,127.2339799,36.5058406
세종코아이비인후과의원,소아청소년과,세종시,127.2353447,36.5195857
세종365의원,소아청소년과,세종시,127.3022365,36.4894906
굿제이산부인과의원,소아청소년과,세종시,127.2624604,36.5082343
허브연합내과의원,소아청소년과,세종시,127.2650247,36.5290997
꿈담소아청소년과의원,소아청소년과,세종시,127.2346888,36.5193249
윤빛소아청소년과의원,소아청소년과,세종시,127.2644917,36.5285836
손근형소아청소년과의원,소아청소년과,세종시,127.2602452,36.4890738
중앙연합의원,소아청소년과,세종시,127.2780049,36.4726172
메디캐치의원,소아청소년과,세종시,127.2352862,36.5184972
봄봄이비인후과의원,소아청소년과,세종시,127.233744,36.5055731
우리메디컬의원,소아청소년과,세종시,127.2339799,36.5058406
서울삼성이비인후과의원,소아청소년과,세종시,127.2563759,36.4888054
서울삼성이비인후과의원,소아청소년과,세종시,127.2563759,36.4888054
건강한가족의원,소아청소년과,세종시,127.2587803,36.5134339
소리숨이비인후과의원,소아청소년과,세종시,127.2610026,36.487879
봄봄이비인후과의원,소아청소년과,세종시,127.233744,36.5055731
한양가정의학과의원,소아청소년과,세종시,127.2988777,36.5979007
중앙연합의원,소아청소년과,세종시,127.2780049,36.4726172
중앙연합의원,소아청소년과,세종시,127.2780049,36.4726172
서울삼성이비인후과의원,안과,세종시,127.2563759,36.4888054
서울삼성이비인후과의원,안과,세종시,127.2563759,36.4888054
서울봄빛안과의원,안과,세종시,127.2567369,36.4878216
세종이안과의원,안과,세종시,127.251249,36.486926
세종김안과의원,안과,세종시,127.2430055,36.5122628
아름누리소아청소년과의원,안과,세종시,127.2991555,36.4844894
소담튼튼소아청소년과의원,안과,세종시,127.299641,36.4850402
블랑피부과의원,안과,세종시,127.2624604,36.5082343
새롬정형외과의원,안과,세종시,127.2524926,36.4845919
세종우리성모안과의원,안과,세종시,127.2564824,36.4884841
최훈내과의원,안과,세종시,127.2495907,36.5113452
백앤미의원,안과,세종시,127.2624604,36.5082343
아이닉안과의원,안과,세종시,127.2624604,36.5082343
킹세종 이비인후과의원,안과,세종시,127.2622919,36.5073947
세종아이소아청소년과의원,안과,세종시,127.2497581,36.5042368
삼성전기(주) 부속의원,안과,세종시,127.3342958,36.5406447
세종다사랑가정의학과의원,안과,세종시,127.2496518,36.5045141
다솜가정의학과의원,안과,세종시,127.2898813,36.5925694
세종충남대학교병원,안과,세종시,127.2579427,36.5195133
부영의원,안과,세종시,127.3660282,36.529242
부영의원,이비인후과,세종시,127.3660282,36.529242
세종충남대학교병원,이비인후과,세종시,127.2579427,36.5195133
웰가정의학과의원,이비인후과,세종시,127.2870288,36.592725
이유경내과의원,이비인후과,세종시,127.3704808,36.323303
다솜가정의학과의원,이비인후과,세종시,127.2898813,36.5925694
김승환이비인후과의원,이비인후과,세종시,127.2986527,36.5997257
서울연합외과의원,이비인후과,세종시,127.2991293,36.6011976
세종다사랑가정의학과의원,이비인후과,세종시,127.2496518,36.5045141
삼성전기(주) 부속의원,이비인후과,세종시,127.3342958,36.5406447
좋은하루이비인후과의원,이비인후과,세종시,127.2600097,36.51388
세종속편한내과의원,이비인후과,세종시,127.2489104,36.5113767
세종아이소아청소년과의원,이비인후과,세종시,127.2497581,36.5042368
세미이비인후과의원,이비인후과,세종시,127.312127,36.4980948
킹세종 이비인후과의원,이비인후과,세종시,127.2622919,36.5073947
세종성모소아청소년과의원,이비인후과,세종시,127.2897534,36.4785762
건강한가족의원,이비인후과,세종시,127.2587803,36.5134339
맑은내과외과의원,이비인후과,세종시,127.2499705,36.5029419
백앤미의원,이비인후과,세종시,127.2624604,36.5082343
세종조은내과의원,이비인후과,세종시,127.3117411,36.4980544
세종항도외과의원,이비인후과,세종시,127.2572291,36.4868089
최훈내과의원,이비인후과,세종시,127.2495907,36.5113452
매일연합의원,이비인후과,세종시,127.2588023,36.5073644
세종연세소아청소년과의원,이비인후과,세종시,127.250789,36.4850028
세종우리의원,이비인후과,세종시,127.2492573,36.4951815
블랑피부과의원,이비인후과,세종시,127.2624604,36.5082343
코알이비인후과의원,이비인후과,세종시,127.2993632,36.4847414
서울삼성이비인후과의원,이비인후과,세종시,127.2563759,36.4888054
세종스카이내과의원,이비인후과,세종시,127.2644917,36.5285836
두미소신경과의원,이비인후과,세종시,127.2574385,36.4864392
소리숨이비인후과의원,이비인후과,세종시,127.2610026,36.487879
세종국민건강의원,이비인후과,세종시,127.2548754,36.4914625
소담내과의원,이비인후과,세종시,127.299641,36.4850402
새롬정형외과의원,이비인후과,세종시,127.2524926,36.4845919
소담튼튼소아청소년과의원,이비인후과,세종시,127.299641,36.4850402
세종드림연합의원,이비인후과,세종시,127.2767834,36.4729981
제일연합내과의원,이비인후과,세종시,127.251249,36.486926
김예진내과의원,이비인후과,세종시,127.2584286,36.515927
세종성모내과의원,이비인후과,세종시,127.2622919,36.5073947
서산부인과의원,이비인후과,세종시,127.2430055,36.5122628
아름누리소아청소년과의원,이비인후과,세종시,127.2991555,36.4844894
도란도란소아청소년과의원,이비인후과,세종시,127.2485084,36.4956266
다정내과의원,이비인후과,세종시,127.2485084,36.4956266
이도내과의원,이비인후과,세종시,127.2884324,36.4780565
정석이비인후과의원,이비인후과,세종시,127.2980437,36.600399
한양가정의학과의원,이비인후과,세종시,127.2988777,36.5979007
유성연합의원,이비인후과,세종시,127.2979673,36.6036614
세종코아이비인후과의원,이비인후과,세종시,127.2353447,36.5195857
우리메디컬의원,이비인후과,세종시,127.2339799,36.5058406
세종맑은이비인후과의원,이비인후과,세종시,127.2496518,36.5045141
세종365의원,이비인후과,세종시,127.3022365,36.4894906
굿제이산부인과의원,이비인후과,세종시,127.2624604,36.5082343
허브연합내과의원,이비인후과,세종시,127.2650247,36.5290997
세종수이비인후과의원,이비인후과,세종시,127.2644917,36.5285836
삼성밸런스이비인후과의원,이비인후과,세종시,127.243243,36.5116515
손근형소아청소년과의원,이비인후과,세종시,127.2602452,36.4890738
중앙연합의원,이비인후과,세종시,127.2780049,36.4726172
윤빛소아청소년과의원,이비인후과,세종시,127.2644917,36.5285836
꿈담소아청소년과의원,이비인후과,세종시,127.2346888,36.5193249
봄봄이비인후과의원,이비인후과,세종시,127.233744,36.5055731
우리메디컬의원,이비인후과,세종시,127.2339799,36.5058406
서울삼성이비인후과의원,이비인후과,세종시,127.2563759,36.4888054
서울삼성이비인후과의원,이비인후과,세종시,127.2563759,36.4888054
건강한가족의원,이비인후과,세종시,127.2587803,36.5134339
소리숨이비인후과의원,이비인후과,세종시,127.2610026,36.487879
봄봄이비인후과의원,이비인후과,세종시,127.233744,36.5055731
한양가정의학과의원,이비인후과,세종시,127.2988777,36.5979007
중앙연합의원,이비인후과,세종시,127.2780049,36.4726172
중앙연합의원,피부과,세종시,127.2780049,36.4726172
한양가정의학과의원,피부과,세종시,127.2988777,36.5979007
봄봄이비인후과의원,피부과,세종시,127.233744,36.5055731
소리숨이비인후과의원,피부과,세종시,127.2610026,36.487879
건강한가족의원,피부과,세종시,127.2587803,36.5134339
서울삼성이비인후과의원,피부과,세종시,127.2563759,36.4888054
서울삼성이비인후과의원,피부과,세종시,127.2563759,36.4888054
우리메디컬의원,피부과,세종시,127.2339799,36.5058406
꿈담소아청소년과의원,피부과,세종시,127.2346888,36.5193249
윤빛소아청소년과의원,피부과,세종시,127.2644917,36.5285836
손근형소아청소년과의원,피부과,세종시,127.2602452,36.4890738
서울뷰의원세종점,피부과,세종시,127.2610026,36.487879
세종시청점오라클피부과의원,피부과,세종시,127.2884324,36.4780565
허브연합내과의원,피부과,세종시,127.2650247,36.5290997
세종365의원,피부과,세종시,127.3022365,36.4894906
클레르피부과의원,피부과,세종시,127.3127124,36.4981376
연세미니성형외과의원,피부과,세종시,127.2564824,36.4884841
삼성미의원,피부과,세종시,127.247577,36.5026384
세종스노우의원,피부과,세종시,127.2602452,36.4890738
굿제이산부인과의원,피부과,세종시,127.2624604,36.5082343
세종톡스앤필의원,피부과,세종시,127.2572291,36.4868089
한양가정의학과의원,피부과,세종시,127.2988777,36.5979007
수앤미통증의학과의원,피부과,세종시,127.2584602,36.5152951
유성연합의원,피부과,세종시,127.2979673,36.6036614
라비에피부과의원,피부과,세종시,127.248559,36.4949999
아름누리소아청소년과의원,피부과,세종시,127.2991555,36.4844894
김예진내과의원,피부과,세종시,127.2584286,36.515927
도란도란소아청소년과의원,피부과,세종시,127.2485084,36.4956266
다정서문365정형외과의원,피부과,세종시,127.2492573,36.4951815
서산부인과의원,피부과,세종시,127.2430055,36.5122628
비쥬얼피부과의원,피부과,세종시,127.2564824,36.4884841
세종 정형외과의원,피부과,세종시,127.2584602,36.5152951
다정내과의원,피부과,세종시,127.2485084,36.4956266
김형기신경외과의원,피부과,세종시,127.2979673,36.6036614
이화메디산부인과의원,피부과,세종시,127.2567369,36.4878216
소담튼튼소아청소년과의원,피부과,세종시,127.299641,36.4850402
세종국민건강의원,피부과,세종시,127.2548754,36.4914625
세종우리의원,피부과,세종시,127.2492573,36.4951815
세종스카이내과의원,피부과,세종시,127.2644917,36.5285836
세종드림연합의원,피부과,세종시,127.2767834,36.4729981
블랑피부과의원,피부과,세종시,127.2624604,36.5082343
코알이비인후과의원,피부과,세종시,127.2993632,36.4847414
새롬정형외과의원,피부과,세종시,127.2524926,36.4845919
세종연세소아청소년과의원,피부과,세종시,127.250789,36.4850028
소담내과의원,피부과,세종시,127.299641,36.4850402
건강한가족의원,피부과,세종시,127.2587803,36.5134339
서울아산신경외과의원,피부과,세종시,127.2578795,36.4896561
세종퍼스트피부과의원,피부과,세종시,127.2497581,36.5042368
브이유의원,피부과,세종시,127.2589217,36.4898187
세종조은내과의원,피부과,세종시,127.3117411,36.4980544
매일연합의원,피부과,세종시,127.2588023,36.5073644
세종항도외과의원,피부과,세종시,127.2572291,36.4868089
세종연세에스의원,피부과,세종시,127.2567369,36.4878216
강남 더 뷰티 성형외과의원,피부과,세종시,127.2618223,36.4802343
세종연합비뇨기과의원,피부과,세종시,127.2564824,36.4884841
백앤미의원,피부과,세종시,127.2624604,36.5082343
삼성필성형외과의원,피부과,세종시,127.2567369,36.4878216
좋은하루이비인후과의원,피부과,세종시,127.2600097,36.51388
씨엘비뇨기과의원,피부과,세종시,127.2495396,36.504761
킹세종 이비인후과의원,피부과,세종시,127.2622919,36.5073947
세종속편한내과의원,피부과,세종시,127.2489104,36.5113767
세종마취통증의학과의원,피부과,세종시,127.2605134,36.4820673
세종아이소아청소년과의원,피부과,세종시,127.2497581,36.5042368
삼성전기(주) 부속의원,피부과,세종시,127.3342958,36.5406447
세종다사랑가정의학과의원,피부과,세종시,127.2496518,36.5045141
세종제이피부과의원,피부과,세종시,127.2494741,36.5119072
세종김연수피부과의원,피부과,세종시,127.2509811,36.4866487
이은경소아청소년과의원,피부과,세종시,127.298413,36.598657
김승환이비인후과의원,피부과,세종시,127.2986527,36.5997257
다솜가정의학과의원,피부과,세종시,127.2898813,36.5925694
홍은표외과의원,피부과,세종시,127.2981452,36.6028724
세종뷰티의원,피부과,세종시,127.2622919,36.5073947
신화비뇨기과의원,피부과,세종시,127.2972173,36.6015374
이유경내과의원,피부과,세종시,127.3704808,36.323303
세종탑재활의학과의원,피부과,세종시,127.2993632,36.4847414
웰가정의학과의원,피부과,세종시,127.2870288,36.592725
장현진정형외과의원,피부과,세종시,127.303395,36.6022578
웰에스테의원,피부과,세종시,127.2494766,36.5119107
세종충남대학교병원,피부과,세종시,127.2579427,36.5195133
부영의원,피부과,세종시,127.3660282,36.529242
부강제일의원,피부과,세종시,127.3682714,36.5286527
부강제일의원,비뇨의학과,세종시,127.3682714,36.5286527
부영의원,비뇨의학과,세종시,127.3660282,36.529242
세종충남대학교병원,비뇨의학과,세종시,127.2579427,36.5195133
장현진정형외과의원,비뇨의학과,세종시,127.303395,36.6022578
웰가정의학과의원,비뇨의학과,세종시,127.2870288,36.592725
신화비뇨기과의원,비뇨의학과,세종시,127.2972173,36.6015374
홍은표외과의원,비뇨의학과,세종시,127.2981452,36.6028724
다솜가정의학과의원,비뇨의학과,세종시,127.2898813,36.5925694
세종다사랑가정의학과의원,비뇨의학과,세종시,127.2496518,36.5045141
서울연합외과의원,비뇨의학과,세종시,127.2991293,36.6011976
삼성전기(주) 부속의원,비뇨의학과,세종시,127.3342958,36.5406447
좋은하루이비인후과의원,비뇨의학과,세종시,127.2600097,36.51388
세종프라우메디산부인과의원,비뇨의학과,세종시,127.2620398,36.4799392
씨엘비뇨기과의원,비뇨의학과,세종시,127.2495396,36.504761
세종속편한내과의원,비뇨의학과,세종시,127.2489104,36.5113767
백앤미의원,비뇨의학과,세종시,127.2624604,36.5082343
서울아산신경외과의원,비뇨의학과,세종시,127.2578795,36.4896561
세종연합비뇨기과의원,비뇨의학과,세종시,127.2564824,36.4884841
세종조은내과의원,비뇨의학과,세종시,127.3117411,36.4980544
블랑피부과의원,비뇨의학과,세종시,127.2624604,36.5082343
새롬정형외과의원,비뇨의학과,세종시,127.2524926,36.4845919
코알이비인후과의원,비뇨의학과,세종시,127.2993632,36.4847414
세종연세소아청소년과의원,비뇨의학과,세종시,127.250789,36.4850028
세종우리의원,비뇨의학과,세종시,127.2492573,36.4951815
세종드림연합의원,비뇨의학과,세종시,127.2767834,36.4729981
소담튼튼소아청소년과의원,비뇨의학과,세종시,127.299641,36.4850402
서산부인과의원,비뇨의학과,세종시,127.2430055,36.5122628
이화메디산부인과의원,비뇨의학과,세종시,127.2567369,36.4878216
아름누리소아청소년과의원,비뇨의학과,세종시,127.2991555,36.4844894
김형기신경외과의원,비뇨의학과,세종시,127.2979673,36.6036614
한양가정의학과의원,비뇨의학과,세종시,127.2988777,36.5979007
유성연합의원,비뇨의학과,세종시,127.2979673,36.6036614
센텀비뇨기과의원,비뇨의학과,세종시,127.2878469,36.47781
허브연합내과의원,비뇨의학과,세종시,127.2650247,36.5290997
세종365의원,비뇨의학과,세종시,127.3022365,36.4894906
우리메디컬의원,비뇨의학과,세종시,127.2339799,36.5058406
건강한가족의원,비뇨의학과,세종시,127.2587803,36.5134339
한양가정의학과의원,비뇨의학과,세종시,127.2988777,36.5979007
중앙연합의원,비뇨의학과,세종시,127.2780049,36.4726172
씨엘비뇨기과의원,비뇨의학과,세종시,127.2495396,36.504761
건강한가족의원,영상의학과,세종시,127.2587803,36.5134339
서울삼성이비인후과의원,영상의학과,세종시,127.2563759,36.4888054
우리메디컬의원,영상의학과,세종시,127.2339799,36.5058406
메디캐치의원,영상의학과,세종시,127.2352862,36.5184972
세종365의원,영상의학과,세종시,127.3022365,36.4894906
다정서문365정형외과의원,영상의학과,세종시,127.2492573,36.4951815
아름누리소아청소년과의원,영상의학과,세종시,127.2991555,36.4844894
새롬정형외과의원,영상의학과,세종시,127.2524926,36.4845919
코알이비인후과의원,영상의학과,세종시,127.2993632,36.4847414
세종국민건강의원,영상의학과,세종시,127.2548754,36.4914625
세종드림연합의원,영상의학과,세종시,127.2767834,36.4729981
두미소신경과의원,영상의학과,세종시,127.2574385,36.4864392
블랑피부과의원,영상의학과,세종시,127.2624604,36.5082343
소담내과의원,영상의학과,세종시,127.299641,36.4850402
세종시원마취통증의학과의원,영상의학과,세종시,127.2486205,36.5119496
백앤미의원,영상의학과,세종시,127.2624604,36.5082343
세종탑재활의학과의원,영상의학과,세종시,127.2993632,36.4847414
세종충남대학교병원,영상의학과,세종시,127.2579427,36.5195133
의료법인 영제 의료재단 엔케이세종병원,영상의학과,세종시,127.2622579,36.4796231
세종충남대학교병원,방사선종양학과,세종시,127.2579427,36.5195133
블랑피부과의원,방사선종양학과,세종시,127.2624604,36.5082343
세종연세소아청소년과의원,방사선종양학과,세종시,127.250789,36.4850028
우리메디컬의원,방사선종양학과,세종시,127.2339799,36.5058406
우리메디컬의원,병리과,세종시,127.2339799,36.5058406
블랑피부과의원,병리과,세종시,127.2624604,36.5082343
맑은내과외과의원,병리과,세종시,127.2499705,36.5029419
세종충남대학교병원,병리과,세종시,127.2579427,36.5195133
의료법인 영제 의료재단 엔케이세종병원,병리과,세종시,127.2622579,36.4796231
세종충남대학교병원,진단검사의학과,세종시,127.2579427,36.5195133
세종시원마취통증의학과의원,진단검사의학과,세종시,127.2486205,36.5119496
백앤미의원,진단검사의학과,세종시,127.2624604,36.5082343
세종조은내과의원,진단검사의학과,세종시,127.3117411,36.4980544
블랑피부과의원,진단검사의학과,세종시,127.2624604,36.5082343
코알이비인후과의원,진단검사의학과,세종시,127.2993632,36.4847414
아름누리소아청소년과의원,진단검사의학과,세종시,127.2991555,36.4844894
세종365의원,진단검사의학과,세종시,127.3022365,36.4894906
허브연합내과의원,진단검사의학과,세종시,127.2650247,36.5290997
우리메디컬의원,진단검사의학과,세종시,127.2339799,36.5058406
우리메디컬의원,결핵과,세종시,127.2339799,36.5058406
허브연합내과의원,결핵과,세종시,127.2650247,36.5290997
블랑피부과의원,결핵과,세종시,127.2624604,36.5082343
제일연합내과의원,결핵과,세종시,127.251249,36.486926
세종국민건강의원,결핵과,세종시,127.2548754,36.4914625
세종충남대학교병원,재활의학과,세종시,127.2579427,36.5195133
나은정형외과의원,재활의학과,세종시,127.2436247,36.5116253
장현진정형외과의원,재활의학과,세종시,127.303395,36.6022578
서문365정형외과의원,재활의학과,세종시,127.2759102,36.4712866
세종탑재활의학과의원,재활의학과,세종시,127.2993632,36.4847414
서울연합외과의원,재활의학과,세종시,127.2991293,36.6011976
서울신통마취통증의학과의원,재활의학과,세종시,127.2980437,36.600399
지에프정형외과의원,재활의학과,세종시,127.2500259,36.5027235
세종반석정형외과의원,재활의학과,세종시,127.2625014,36.4793087
좋은하루이비인후과의원,재활의학과,세종시,127.2600097,36.51388
세종속편한내과의원,재활의학과,세종시,127.2489104,36.5113767
세종시원마취통증의학과의원,재활의학과,세종시,127.2486205,36.5119496
서울아산신경외과의원,재활의학과,세종시,127.2578795,36.4896561
코알이비인후과의원,재활의학과,세종시,127.2993632,36.4847414
블랑피부과의원,재활의학과,세종시,127.2624604,36.5082343
서울굿닥터(새롬)의원,재활의학과,세종시,127.250338,36.4857521
두미소신경과의원,재활의학과,세종시,127.2574385,36.4864392
세종드림연합의원,재활의학과,세종시,127.2767834,36.4729981
세종가톨릭정형외과의원,재활의학과,세종시,127.2481238,36.502816
새롬정형외과의원,재활의학과,세종시,127.2524926,36.4845919
다정서문365정형외과의원,재활의학과,세종시,127.2492573,36.4951815
세종바른연합의원,재활의학과,세종시,127.3127124,36.4981376
세종 정형외과의원,재활의학과,세종시,127.2584602,36.5152951
세종고려정형외과의원,재활의학과,세종시,127.2884324,36.4780565
김형기신경외과의원,재활의학과,세종시,127.2979673,36.6036614
리더본재활의학과의원,재활의학과,세종시,127.2602452,36.4890738
세종서울정형외과의원,재활의학과,세종시,127.2622919,36.5073947
한양가정의학과의원,재활의학과,세종시,127.2988777,36.5979007
소담에스정형외과의원,재활의학과,세종시,127.2991555,36.4844894
세종위드정형외과의원,재활의학과,세종시,127.2567369,36.4878216
우리메디컬의원,재활의학과,세종시,127.2339799,36.5058406
건강한가족의원,재활의학과,세종시,127.2587803,36.5134339
세종심온한방병원,재활의학과,세종시,127.2754587,36.4710506
밝은한방병원,재활의학과,세종시,127.2767834,36.4729981
중앙연합의원,재활의학과,세종시,127.2780049,36.4726172
우리메디컬의원,핵의학과,세종시,127.2339799,36.5058406
블랑피부과의원,핵의학과,세종시,127.2624604,36.5082343
세종충남대학교병원,핵의학과,세종시,127.2579427,36.5195133
세종충남대학교병원,가정의학과,세종시,127.2579427,36.5195133
트리니움여성병원,가정의학과,세종시,127.3035316,36.4916038
의료법인 영제 의료재단 엔케이세종병원,가정의학과,세종시,127.2622579,36.4796231
한마음효요양병원,가정의학과,세종시,127.2831172,36.6328463
조치원노인전문병원,가정의학과,세종시,127.2378653,36.6130192
운주산성요양병원,가정의학과,세종시,127.2241934,36.6689404
의료법인 선은의료재단 중앙요양병원,가정의학과,세종시,127.2883415,36.6133851
웰에스테의원,가정의학과,세종시,127.2494766,36.5119107
양규준산부인과의원,가정의학과,세종시,127.2984493,36.600422
웰가정의학과의원,가정의학과,세종시,127.2870288,36.592725
서문365정형외과의원,가정의학과,세종시,127.2759102,36.4712866
세종다사랑가정의학과의원,가정의학과,세종시,127.2496518,36.5045141
세종청사 부속의원,가정의학과,세종시,127.2652833,36.5042886
삼성전기(주) 부속의원,가정의학과,세종시,127.3342958,36.5406447
건강한가족의원,가정의학과,세종시,127.2587803,36.5134339
매일연합의원,가정의학과,세종시,127.2588023,36.5073644
세종조은내과의원,가정의학과,세종시,127.3117411,36.4980544
서울아산신경외과의원,가정의학과,세종시,127.2578795,36.4896561
백앤미의원,가정의학과,세종시,127.2624604,36.5082343
세종청사 제2부속의원,가정의학과,세종시,127.2606212,36.499574
세종속편한내과의원,가정의학과,세종시,127.2489104,36.5113767
좋은하루이비인후과의원,가정의학과,세종시,127.2600097,36.51388
정부세종청사 중앙동 부속의원,가정의학과,세종시,127.2648274,36.5021884
세종탑재활의학과의원,가정의학과,세종시,127.2993632,36.4847414
코알이비인후과의원,가정의학과,세종시,127.2993632,36.4847414
세종연세소아청소년과의원,가정의학과,세종시,127.250789,36.4850028
세종드림연합의원,가정의학과,세종시,127.2767834,36.4729981
새롬정형외과의원,가정의학과,세종시,127.2524926,36.4845919
블랑피부과의원,가정의학과,세종시,127.2624604,36.5082343
세종국민건강의원,가정의학과,세종시,127.2548754,36.4914625
서산부인과의원,가정의학과,세종시,127.2430055,36.5122628
핑크유외과의원,가정의학과,세종시,127.2410581,36.5124514
세종바른연합의원,가정의학과,세종시,127.3127124,36.4981376
김예진내과의원,가정의학과,세종시,127.2584286,36.515927
다정서문365정형외과의원,가정의학과,세종시,127.2492573,36.4951815
세종고려정형외과의원,가정의학과,세종시,127.2884324,36.4780565
세종 정형외과의원,가정의학과,세종시,127.2584602,36.5152951
아름누리소아청소년과의원,가정의학과,세종시,127.2991555,36.4844894
한양가정의학과의원,가정의학과,세종시,127.2988777,36.5979007
우리메디컬의원,가정의학과,세종시,127.2339799,36.5058406
정석이비인후과의원,가정의학과,세종시,127.2980437,36.600399
유성연합의원,가정의학과,세종시,127.2979673,36.6036614
굿제이산부인과의원,가정의학과,세종시,127.2624604,36.5082343
허브연합내과의원,가정의학과,세종시,127.2650247,36.5290997
세종365의원,가정의학과,세종시,127.3022365,36.4894906
세종장사랑내과의원,가정의학과,세종시,127.2422098,36.5122956
세종위드정형외과의원,가정의학과,세종시,127.2567369,36.4878216
꿈담소아청소년과의원,가정의학과,세종시,127.2346888,36.5193249
메디캐치의원,가정의학과,세종시,127.2352862,36.5184972
우리메디컬의원,가정의학과,세종시,127.2339799,36.5058406
서울삼성이비인후과의원,가정의학과,세종시,127.2563759,36.4888054
건강한가족의원,가정의학과,세종시,127.2587803,36.5134339
더공감정신건강의학과의원,가정의학과,세종시,127.2891042,36.4783531
봄봄이비인후과의원,가정의학과,세종시,127.233744,36.5055731
세종경희한방병원,가정의학과,세종시,127.2759599,36.4732517
세종심온한방병원,가정의학과,세종시,127.2754587,36.4710506
한양가정의학과의원,가정의학과,세종시,127.2988777,36.5979007
중앙연합의원,가정의학과,세종시,127.2780049,36.4726172
우리메디컬의원,응급의학과,세종시,127.2339799,36.5058406
서산부인과의원,응급의학과,세종시,127.2430055,36.5122628
새롬정형외과의원,응급의학과,세종시,127.2524926,36.4845919
블랑피부과의원,응급의학과,세종시,127.2624604,36.5082343
세종드림연합의원,응급의학과,세종시,127.2767834,36.4729981
서문365정형외과의원,응급의학과,세종시,127.2759102,36.4712866
의료법인 영제 의료재단 엔케이세종병원,응급의학과,세종시,127.2622579,36.4796231
세종충남대학교병원,응급의학과,세종시,127.2579427,36.5195133
의료법인 영제 의료재단 엔케이세종병원,직업환경의학과,세종시,127.2622579,36.4796231
블랑피부과의원,직업환경의학과,세종시,127.2624604,36.5082343
우리메디컬의원,예방의학과,세종시,127.2339799,36.5058406
코알이비인후과의원,예방의학과,세종시,127.2993632,36.4847414
블랑피부과의원,예방의학과,세종시,127.2624604,36.5082343
부강수플란트치과의원,치과,세종시,127.3672882,36.5289291
송태영치과의원,치과,세종시,127.3002061,36.6017793
김진용치과의원,치과,세종시,127.2989966,36.6012592
한솔퍼스트치과의원,치과,세종시,127.251249,36.486926
세움치과의원,치과,세종시,127.2494741,36.5119072
누리마루치과의원,치과,세종시,127.2708516,36.5046913
연세럭스치과의원,치과,세종시,127.2486205,36.5119496
두치과의원,치과,세종시,127.2497581,36.5042368
맘애든치과의원,치과,세종시,127.2492225,36.5043082
세종플란트치과의원,치과,세종시,127.2625014,36.4793087
악어치과의원,치과,세종시,127.2586108,36.5143046
세종어린이치과의원,치과,세종시,127.2495746,36.5113505
이병진치과의원,치과,세종시,127.2976156,36.6014527
세종금남치과의원,치과,세종시,127.2814867,36.4657609
좋은하루 치과의원,치과,세종시,127.2600097,36.51388
원 치과의원,치과,세종시,127.2057423,36.4975364
바른명치과의원,치과,세종시,127.2584602,36.5152951
세움치과의원,치과,세종시,127.2494741,36.5119072
두치과의원,구강악안면외과,세종시,127.2497581,36.5042368
세종365치과의원,구강악안면외과,세종시,127.2576476,36.4860984
첫마을치과의원,구강악안면외과,세종시,127.2620398,36.4799392
이도치과의원,구강악안면외과,세종시,127.2563759,36.4888054
세종보람치과의원,구강악안면외과,세종시,127.288437,36.4767037
메디컬뱅크치과의원,구강악안면외과,세종시,127.2572294,36.495415
유앤성부부치과의원,구강악안면외과,세종시,127.3127124,36.4981376
연세해밀치과의원,구강악안면외과,세종시,127.2644917,36.5285836
황실치과의원,구강악안면외과,세종시,127.2759102,36.4712866
세종튼튼치과의원,구강악안면외과,세종시,127.312127,36.4980948
세종스타치과의원,구강악안면외과,세종시,127.2577621,36.4900983
더브라운치과의원,구강악안면외과,세종시,127.2358501,36.5197309
세종하이치과의원,구강악안면외과,세종시,127.3117411,36.4980544
세종드림치과의원,구강악안면외과,세종시,127.2884324,36.4780565
덴탈365치과의원,구강악안면외과,세종시,127.3022365,36.4894906
새롬숲치과의원,구강악안면외과,세종시,127.2524926,36.4845919
세종미소치과의원,구강악안면외과,세종시,127.2891042,36.4783531
삼성온가족치과의원,구강악안면외과,세종시,127.2481238,36.502816
세종금남치과의원,구강악안면외과,세종시,127.2814867,36.4657609
도담민들레치과의원,구강악안면외과,세종시,127.2578153,36.5146905
화이트부부치과의원,구강악안면외과,세종시,127.247577,36.5026384
악어치과의원,구강악안면외과,세종시,127.2586108,36.5143046
바른우리치과교정과치과의원,구강악안면외과,세종시,127.2509811,36.4866487
참좋아치과의원,구강악안면외과,세종시,127.2436211,36.5116275
금동치과의원,구강악안면외과,세종시,127.251249,36.486926
더플랜트치과의원,구강악안면외과,세종시,127.243243,36.5116515
좋은하루 치과의원,구강악안면외과,세종시,127.2600097,36.51388
새온치과의원,구강악안면외과,세종시,127.2502282,36.4868892
세종탑치과의원,구강악안면외과,세종시,127.2503167,36.4860741
원 치과의원,구강악안면외과,세종시,127.2057423,36.4975364
앨리스치과의원,구강악안면외과,세종시,127.2567369,36.4878216
해들치과의원,구강악안면외과,세종시,127.2780049,36.4726172
세종베스트치과의원,구강악안면외과,세종시,127.2494741,36.5119072
건강한이치과의원,구강악안면외과,세종시,127.2486004,36.4944412
엔연세감동치과의원,구강악안면외과,세종시,127.2518361,36.4840497
김만주정성치과의원,구강악안면외과,세종시,127.3011073,36.4845761
세움치과의원,구강악안면외과,세종시,127.2494741,36.5119072
이편한홍치과의원,구강악안면외과,세종시,127.2826018,36.5621061
세종플란트치과의원,구강악안면외과,세종시,127.2625014,36.4793087
세종프라임치과의원,구강악안면외과,세종시,127.2611239,36.5080759
제이와이치과의원,구강악안면외과,세종시,127.2509811,36.4866487
연세럭스치과의원,구강악안면외과,세종시,127.2486205,36.5119496
두치과의원,구강악안면외과,세종시,127.2497581,36.5042368
맘애든치과의원,구강악안면외과,세종시,127.2492225,36.5043082
최진웅치과의원,구강악안면외과,세종시,127.2981452,36.6028724
세종서울치과의원,구강악안면외과,세종시,127.2496518,36.5045141
전의부부치과의원,구강악안면외과,세종시,127.2045998,36.679443
세종꾸러기소아치과의원,구강악안면외과,세종시,127.2998473,36.4853119
원 치과의원,구강악안면외과,세종시,127.2057423,36.4975364
박종석치과의원,구강악안면외과,세종시,127.3013597,36.6014311
단국대학교 치과대학 세종치과병원,구강악안면외과,세종시,127.2711462,36.5044141
세종충남대학교병원,구강악안면외과,세종시,127.2579427,36.5195133
부강부부치과의원,구강악안면외과,세종시,127.3667183,36.5296588
부강수플란트치과의원,구강악안면외과,세종시,127.3672882,36.5289291
부강부부치과의원,치과보철과,세종시,127.3667183,36.5296588
단국대학교 치과대학 세종치과병원,치과보철과,세종시,127.2711462,36.5044141
원 치과의원,치과보철과,세종시,127.2057423,36.4975364
세종꾸러기소아치과의원,치과보철과,세종시,127.2998473,36.4853119
전의부부치과의원,치과보철과,세종시,127.2045998,36.679443
두치과의원,치과보철과,세종시,127.2497581,36.5042368
연세럭스치과의원,치과보철과,세종시,127.2486205,36.5119496
세종서울치과의원,치과보철과,세종시,127.2496518,36.5045141
맘애든치과의원,치과보철과,세종시,127.2492225,36.5043082
제이와이치과의원,치과보철과,세종시,127.2509811,36.4866487
세종플란트치과의원,치과보철과,세종시,127.2625014,36.4793087
세종프라임치과의원,치과보철과,세종시,127.2611239,36.5080759
이편한홍치과의원,치과보철과,세종시,127.2826018,36.5621061
해들치과의원,치과보철과,세종시,127.2780049,36.4726172
세움치과의원,치과보철과,세종시,127.2494741,36.5119072
건강한이치과의원,치과보철과,세종시,127.2486004,36.4944412
김만주정성치과의원,치과보철과,세종시,127.3011073,36.4845761
엔연세감동치과의원,치과보철과,세종시,127.2518361,36.4840497
앨리스치과의원,치과보철과,세종시,127.2567369,36.4878216
세종베스트치과의원,치과보철과,세종시,127.2494741,36.5119072
화이트부부치과의원,치과보철과,세종시,127.247577,36.5026384
참좋아치과의원,치과보철과,세종시,127.2436211,36.5116275
더플랜트치과의원,치과보철과,세종시,127.243243,36.5116515
도담민들레치과의원,치과보철과,세종시,127.2578153,36.5146905
삼성온가족치과의원,치과보철과,세종시,127.2481238,36.502816
덴탈365치과의원,치과보철과,세종시,127.3022365,36.4894906
세종미소치과의원,치과보철과,세종시,127.2891042,36.4783531
새롬숲치과의원,치과보철과,세종시,127.2524926,36.4845919
금동치과의원,치과보철과,세종시,127.251249,36.486926
악어치과의원,치과보철과,세종시,127.2586108,36.5143046
세종탑치과의원,치과보철과,세종시,127.2503167,36.4860741
바른우리치과교정과치과의원,치과보철과,세종시,127.2509811,36.4866487
원 치과의원,치과보철과,세종시,127.2057423,36.4975364
좋은하루 치과의원,치과보철과,세종시,127.2600097,36.51388
새온치과의원,치과보철과,세종시,127.2502282,36.4868892
황실치과의원,치과보철과,세종시,127.2759102,36.4712866
더브라운치과의원,치과보철과,세종시,127.2358501,36.5197309
세종스타치과의원,치과보철과,세종시,127.2577621,36.4900983
세종하이치과의원,치과보철과,세종시,127.3117411,36.4980544
세종드림치과의원,치과보철과,세종시,127.2884324,36.4780565
세종튼튼치과의원,치과보철과,세종시,127.312127,36.4980948
이도치과의원,치과보철과,세종시,127.2563759,36.4888054
세종365치과의원,치과보철과,세종시,127.2576476,36.4860984
메디컬뱅크치과의원,치과보철과,세종시,127.2572294,36.495415
첫마을치과의원,치과보철과,세종시,127.2620398,36.4799392
유앤성부부치과의원,치과보철과,세종시,127.3127124,36.4981376
세종보람치과의원,치과보철과,세종시,127.288437,36.4767037
연세해밀치과의원,치과보철과,세종시,127.2644917,36.5285836
두치과의원,치과보철과,세종시,127.2497581,36.5042368
세종보람치과의원,치과교정과,세종시,127.288437,36.4767037
메디컬뱅크치과의원,치과교정과,세종시,127.2572294,36.495415
세종365치과의원,치과교정과,세종시,127.2576476,36.4860984
첫마을치과의원,치과교정과,세종시,127.2620398,36.4799392
이도치과의원,치과교정과,세종시,127.2563759,36.4888054
유앤성부부치과의원,치과교정과,세종시,127.3127124,36.4981376
세종튼튼치과의원,치과교정과,세종시,127.312127,36.4980948
세종스타치과의원,치과교정과,세종시,127.2577621,36.4900983
세종하이치과의원,치과교정과,세종시,127.3117411,36.4980544
황실치과의원,치과교정과,세종시,127.2759102,36.4712866
세종드림치과의원,치과교정과,세종시,127.2884324,36.4780565
더브라운치과의원,치과교정과,세종시,127.2358501,36.5197309
세종탑치과의원,치과교정과,세종시,127.2503167,36.4860741
원 치과의원,치과교정과,세종시,127.2057423,36.4975364
금동치과의원,치과교정과,세종시,127.251249,36.486926
더플랜트치과의원,치과교정과,세종시,127.243243,36.5116515
세종미소치과의원,치과교정과,세종시,127.2891042,36.4783531
좋은하루 치과의원,치과교정과,세종시,127.2600097,36.51388
바른우리치과교정과치과의원,치과교정과,세종시,127.2509811,36.4866487
덴탈365치과의원,치과교정과,세종시,127.3022365,36.4894906
새롬숲치과의원,치과교정과,세종시,127.2524926,36.4845919
화이트부부치과의원,치과교정과,세종시,127.247577,36.5026384
악어치과의원,치과교정과,세종시,127.2586108,36.5143046
삼성온가족치과의원,치과교정과,세종시,127.2481238,36.502816
참좋아치과의원,치과교정과,세종시,127.2436211,36.5116275
엔연세감동치과의원,치과교정과,세종시,127.2518361,36.4840497
김만주정성치과의원,치과교정과,세종시,127.3011073,36.4845761
앨리스치과의원,치과교정과,세종시,127.2567369,36.4878216
해들치과의원,치과교정과,세종시,127.2780049,36.4726172
세종베스트치과의원,치과교정과,세종시,127.2494741,36.5119072
건강한이치과의원,치과교정과,세종시,127.2486004,36.4944412
세움치과의원,치과교정과,세종시,127.2494741,36.5119072
디어트치과의원,치과교정과,세종시,127.2763919,36.4715494
세종플란트치과의원,치과교정과,세종시,127.2625014,36.4793087
세종프라임치과의원,치과교정과,세종시,127.2611239,36.5080759
제이와이치과의원,치과교정과,세종시,127.2509811,36.4866487
맘애든치과의원,치과교정과,세종시,127.2492225,36.5043082
세종서울치과의원,치과교정과,세종시,127.2496518,36.5045141
두치과의원,치과교정과,세종시,127.2497581,36.5042368
연세럭스치과의원,치과교정과,세종시,127.2486205,36.5119496
전의부부치과의원,치과교정과,세종시,127.2045998,36.679443
세종꾸러기소아치과의원,치과교정과,세종시,127.2998473,36.4853119
단국대학교 치과대학 세종치과병원,치과교정과,세종시,127.2711462,36.5044141
부강부부치과의원,치과교정과,세종시,127.3667183,36.5296588
부강부부치과의원,소아치과,세종시,127.3667183,36.5296588
단국대학교 치과대학 세종치과병원,소아치과,세종시,127.2711462,36.5044141
원 치과의원,소아치과,세종시,127.2057423,36.4975364
세종꾸러기소아치과의원,소아치과,세종시,127.2998473,36.4853119
전의부부치과의원,소아치과,세종시,127.2045998,36.679443
세종서울치과의원,소아치과,세종시,127.2496518,36.5045141
연세럭스치과의원,소아치과,세종시,127.2486205,36.5119496
두치과의원,소아치과,세종시,127.2497581,36.5042368
맘애든치과의원,소아치과,세종시,127.2492225,36.5043082
제이와이치과의원,소아치과,세종시,127.2509811,36.4866487
이편한홍치과의원,소아치과,세종시,127.2826018,36.5621061
세종플란트치과의원,소아치과,세종시,127.2625014,36.4793087
세종프라임치과의원,소아치과,세종시,127.2611239,36.5080759
세종베스트치과의원,소아치과,세종시,127.2494741,36.5119072
엔연세감동치과의원,소아치과,세종시,127.2518361,36.4840497
앨리스치과의원,소아치과,세종시,127.2567369,36.4878216
도치소아치과의원,소아치과,세종시,127.248559,36.4949999
김만주정성치과의원,소아치과,세종시,127.3011073,36.4845761
해들치과의원,소아치과,세종시,127.2780049,36.4726172
세움치과의원,소아치과,세종시,127.2494741,36.5119072
건강한이치과의원,소아치과,세종시,127.2486004,36.4944412
원 치과의원,소아치과,세종시,127.2057423,36.4975364
세종미소치과의원,소아치과,세종시,127.2891042,36.4783531
새롬숲치과의원,소아치과,세종시,127.2524926,36.4845919
새온치과의원,소아치과,세종시,127.2502282,36.4868892
좋은하루 치과의원,소아치과,세종시,127.2600097,36.51388
더플랜트치과의원,소아치과,세종시,127.243243,36.5116515
금동치과의원,소아치과,세종시,127.251249,36.486926
참좋아치과의원,소아치과,세종시,127.2436211,36.5116275
악어치과의원,소아치과,세종시,127.2586108,36.5143046
세종탑치과의원,소아치과,세종시,127.2503167,36.4860741
바른우리치과교정과치과의원,소아치과,세종시,127.2509811,36.4866487
화이트부부치과의원,소아치과,세종시,127.247577,36.5026384
덴탈365치과의원,소아치과,세종시,127.3022365,36.4894906
도담민들레치과의원,소아치과,세종시,127.2578153,36.5146905
삼성온가족치과의원,소아치과,세종시,127.2481238,36.502816
더브라운치과의원,소아치과,세종시,127.2358501,36.5197309
세종드림치과의원,소아치과,세종시,127.2884324,36.4780565
황실치과의원,소아치과,세종시,127.2759102,36.4712866
세종스타치과의원,소아치과,세종시,127.2577621,36.4900983
세종하이치과의원,소아치과,세종시,127.3117411,36.4980544
세종튼튼치과의원,소아치과,세종시,127.312127,36.4980948
연세해밀치과의원,소아치과,세종시,127.2644917,36.5285836
유앤성부부치과의원,소아치과,세종시,127.3127124,36.4981376
이도치과의원,소아치과,세종시,127.2563759,36.4888054
세종보람치과의원,소아치과,세종시,127.288437,36.4767037
메디컬뱅크치과의원,소아치과,세종시,127.2572294,36.495415
첫마을치과의원,소아치과,세종시,127.2620398,36.4799392
세종365치과의원,소아치과,세종시,127.2576476,36.4860984
두치과의원,소아치과,세종시,127.2497581,36.5042368
두치과의원,치주과,세종시,127.2497581,36.5042368
첫마을치과의원,치주과,세종시,127.2620398,36.4799392
이도치과의원,치주과,세종시,127.2563759,36.4888054
연세해밀치과의원,치주과,세종시,127.2644917,36.5285836
세종보람치과의원,치주과,세종시,127.288437,36.4767037
세종365치과의원,치주과,세종시,127.2576476,36.4860984
유앤성부부치과의원,치주과,세종시,127.3127124,36.4981376
메디컬뱅크치과의원,치주과,세종시,127.2572294,36.495415
세종스타치과의원,치주과,세종시,127.2577621,36.4900983
세종드림치과의원,치주과,세종시,127.2884324,36.4780565
황실치과의원,치주과,세종시,127.2759102,36.4712866
세종튼튼치과의원,치주과,세종시,127.312127,36.4980948
세종하이치과의원,치주과,세종시,127.3117411,36.4980544
더브라운치과의원,치주과,세종시,127.2358501,36.5197309
화이트부부치과의원,치주과,세종시,127.247577,36.5026384
악어치과의원,치주과,세종시,127.2586108,36.5143046
새온치과의원,치주과,세종시,127.2502282,36.4868892
더플랜트치과의원,치주과,세종시,127.243243,36.5116515
좋은하루 치과의원,치주과,세종시,127.2600097,36.51388
금동치과의원,치주과,세종시,127.251249,36.486926
바른우리치과교정과치과의원,치주과,세종시,127.2509811,36.4866487
덴탈365치과의원,치주과,세종시,127.3022365,36.4894906
참좋아치과의원,치주과,세종시,127.2436211,36.5116275
맘애든치과의원,치주과,세종시,127.2492225,36.5043082
원 치과의원,치주과,세종시,127.2057423,36.4975364
새롬숲치과의원,치주과,세종시,127.2524926,36.4845919
삼성온가족치과의원,치주과,세종시,127.2481238,36.502816
세종미소치과의원,치주과,세종시,127.2891042,36.4783531
도담민들레치과의원,치주과,세종시,127.2578153,36.5146905
세종탑치과의원,치주과,세종시,127.2503167,36.4860741
건강한이치과의원,치주과,세종시,127.2486004,36.4944412
해들치과의원,치주과,세종시,127.2780049,36.4726172
김만주정성치과의원,치주과,세종시,127.3011073,36.4845761
앨리스치과의원,치주과,세종시,127.2567369,36.4878216
세움치과의원,치주과,세종시,127.2494741,36.5119072
세종베스트치과의원,치주과,세종시,127.2494741,36.5119072
엔연세감동치과의원,치주과,세종시,127.2518361,36.4840497
세종플란트치과의원,치주과,세종시,127.2625014,36.4793087
이편한홍치과의원,치주과,세종시,127.2826018,36.5621061
세종프라임치과의원,치주과,세종시,127.2611239,36.5080759
제이와이치과의원,치주과,세종시,127.2509811,36.4866487
세종서울치과의원,치주과,세종시,127.2496518,36.5045141
연세럭스치과의원,치주과,세종시,127.2486205,36.5119496
두치과의원,치주과,세종시,127.2497581,36.5042368
전의부부치과의원,치주과,세종시,127.2045998,36.679443
세종꾸러기소아치과의원,치주과,세종시,127.2998473,36.4853119
원 치과의원,치주과,세종시,127.2057423,36.4975364
단국대학교 치과대학 세종치과병원,치주과,세종시,127.2711462,36.5044141
의료법인 영제 의료재단 엔케이세종병원,치주과,세종시,127.2622579,36.4796231
부강부부치과의원,치주과,세종시,127.3667183,36.5296588
부강부부치과의원,치과보존과,세종시,127.3667183,36.5296588
단국대학교 치과대학 세종치과병원,치과보존과,세종시,127.2711462,36.5044141
원 치과의원,치과보존과,세종시,127.2057423,36.4975364
세종꾸러기소아치과의원,치과보존과,세종시,127.2998473,36.4853119
전의부부치과의원,치과보존과,세종시,127.2045998,36.679443
두치과의원,치과보존과,세종시,127.2497581,36.5042368
연세럭스치과의원,치과보존과,세종시,127.2486205,36.5119496
세종서울치과의원,치과보존과,세종시,127.2496518,36.5045141
제이와이치과의원,치과보존과,세종시,127.2509811,36.4866487
세종프라임치과의원,치과보존과,세종시,127.2611239,36.5080759
세종플란트치과의원,치과보존과,세종시,127.2625014,36.4793087
이편한홍치과의원,치과보존과,세종시,127.2826018,36.5621061
해들치과의원,치과보존과,세종시,127.2780049,36.4726172
앨리스치과의원,치과보존과,세종시,127.2567369,36.4878216
세움치과의원,치과보존과,세종시,127.2494741,36.5119072
김만주정성치과의원,치과보존과,세종시,127.3011073,36.4845761
엔연세감동치과의원,치과보존과,세종시,127.2518361,36.4840497
세종베스트치과의원,치과보존과,세종시,127.2494741,36.5119072
건강한이치과의원,치과보존과,세종시,127.2486004,36.4944412
금동치과의원,치과보존과,세종시,127.251249,36.486926
세종탑치과의원,치과보존과,세종시,127.2503167,36.4860741
새롬숲치과의원,치과보존과,세종시,127.2524926,36.4845919
참좋아치과의원,치과보존과,세종시,127.2436211,36.5116275
바른우리치과교정과치과의원,치과보존과,세종시,127.2509811,36.4866487
새온치과의원,치과보존과,세종시,127.2502282,36.4868892
원 치과의원,치과보존과,세종시,127.2057423,36.4975364
화이트부부치과의원,치과보존과,세종시,127.247577,36.5026384
세종미소치과의원,치과보존과,세종시,127.2891042,36.4783531
덴탈365치과의원,치과보존과,세종시,127.3022365,36.4894906
삼성온가족치과의원,치과보존과,세종시,127.2481238,36.502816
좋은하루 치과의원,치과보존과,세종시,127.2600097,36.51388
도담민들레치과의원,치과보존과,세종시,127.2578153,36.5146905
악어치과의원,치과보존과,세종시,127.2586108,36.5143046
맘애든치과의원,치과보존과,세종시,127.2492225,36.5043082
더플랜트치과의원,치과보존과,세종시,127.243243,36.5116515
황실치과의원,치과보존과,세종시,127.2759102,36.4712866
세종스타치과의원,치과보존과,세종시,127.2577621,36.4900983
세종드림치과의원,치과보존과,세종시,127.2884324,36.4780565
세종하이치과의원,치과보존과,세종시,127.3117411,36.4980544
세종튼튼치과의원,치과보존과,세종시,127.312127,36.4980948
더브라운치과의원,치과보존과,세종시,127.2358501,36.5197309
세종365치과의원,치과보존과,세종시,127.2576476,36.4860984
메디컬뱅크치과의원,치과보존과,세종시,127.2572294,36.495415
첫마을치과의원,치과보존과,세종시,127.2620398,36.4799392
이도치과의원,치과보존과,세종시,127.2563759,36.4888054
세종보람치과의원,치과보존과,세종시,127.288437,36.4767037
유앤성부부치과의원,치과보존과,세종시,127.3127124,36.4981376
연세해밀치과의원,치과보존과,세종시,127.2644917,36.5285836
두치과의원,치과보존과,세종시,127.2497581,36.5042368
두치과의원,구강내과,세종시,127.2497581,36.5042368
세종보람치과의원,구강내과,세종시,127.288437,36.4767037
이도치과의원,구강내과,세종시,127.2563759,36.4888054
첫마을치과의원,구강내과,세종시,127.2620398,36.4799392
연세해밀치과의원,구강내과,세종시,127.2644917,36.5285836
세종365치과의원,구강내과,세종시,127.2576476,36.4860984
유앤성부부치과의원,구강내과,세종시,127.3127124,36.4981376
메디컬뱅크치과의원,구강내과,세종시,127.2572294,36.495415
더브라운치과의원,구강내과,세종시,127.2358501,36.5197309
세종드림치과의원,구강내과,세종시,127.2884324,36.4780565
세종튼튼치과의원,구강내과,세종시,127.312127,36.4980948
황실치과의원,구강내과,세종시,127.2759102,36.4712866
세종하이치과의원,구강내과,세종시,127.3117411,36.4980544
세종스타치과의원,구강내과,세종시,127.2577621,36.4900983
바른우리치과교정과치과의원,구강내과,세종시,127.2509811,36.4866487
화이트부부치과의원,구강내과,세종시,127.247577,36.5026384
좋은하루 치과의원,구강내과,세종시,127.2600097,36.51388
더플랜트치과의원,구강내과,세종시,127.243243,36.5116515
삼성온가족치과의원,구강내과,세종시,127.2481238,36.502816
맘애든치과의원,구강내과,세종시,127.2492225,36.5043082
덴탈365치과의원,구강내과,세종시,127.3022365,36.4894906
세종미소치과의원,구강내과,세종시,127.2891042,36.4783531
금동치과의원,구강내과,세종시,127.251249,36.486926
악어치과의원,구강내과,세종시,127.2586108,36.5143046
새롬숲치과의원,구강내과,세종시,127.2524926,36.4845919
원 치과의원,구강내과,세종시,127.2057423,36.4975364
세종탑치과의원,구강내과,세종시,127.2503167,36.4860741
참좋아치과의원,구강내과,세종시,127.2436211,36.5116275
건강한이치과의원,구강내과,세종시,127.2486004,36.4944412
새온치과의원,구강내과,세종시,127.2502282,36.4868892
해들치과의원,구강내과,세종시,127.2780049,36.4726172
세종베스트치과의원,구강내과,세종시,127.2494741,36.5119072
세움치과의원,구강내과,세종시,127.2494741,36.5119072
앨리스치과의원,구강내과,세종시,127.2567369,36.4878216
김만주정성치과의원,구강내과,세종시,127.3011073,36.4845761
엔연세감동치과의원,구강내과,세종시,127.2518361,36.4840497
이편한홍치과의원,구강내과,세종시,127.2826018,36.5621061
세종플란트치과의원,구강내과,세종시,127.2625014,36.4793087
세종프라임치과의원,구강내과,세종시,127.2611239,36.5080759
제이와이치과의원,구강내과,세종시,127.2509811,36.4866487
연세럭스치과의원,구강내과,세종시,127.2486205,36.5119496
두치과의원,구강내과,세종시,127.2497581,36.5042368
전의부부치과의원,구강내과,세종시,127.2045998,36.679443
세종꾸러기소아치과의원,구강내과,세종시,127.2998473,36.4853119
원 치과의원,구강내과,세종시,127.2057423,36.4975364
부강부부치과의원,구강내과,세종시,127.3667183,36.5296588
부강부부치과의원,영상치의학과,세종시,127.3667183,36.5296588
원 치과의원,영상치의학과,세종시,127.2057423,36.4975364
세종꾸러기소아치과의원,영상치의학과,세종시,127.2998473,36.4853119
전의부부치과의원,영상치의학과,세종시,127.2045998,36.679443
연세럭스치과의원,영상치의학과,세종시,127.2486205,36.5119496
두치과의원,영상치의학과,세종시,127.2497581,36.5042368
제이와이치과의원,영상치의학과,세종시,127.2509811,36.4866487
세종플란트치과의원,영상치의학과,세종시,127.2625014,36.4793087
세종프라임치과의원,영상치의학과,세종시,127.2611239,36.5080759
이편한홍치과의원,영상치의학과,세종시,127.2826018,36.5621061
건강한이치과의원,영상치의학과,세종시,127.2486004,36.4944412
앨리스치과의원,영상치의학과,세종시,127.2567369,36.4878216
해들치과의원,영상치의학과,세종시,127.2780049,36.4726172
세종베스트치과의원,영상치의학과,세종시,127.2494741,36.5119072
김만주정성치과의원,영상치의학과,세종시,127.3011073,36.4845761
엔연세감동치과의원,영상치의학과,세종시,127.2518361,36.4840497
새온치과의원,영상치의학과,세종시,127.2502282,36.4868892
화이트부부치과의원,영상치의학과,세종시,127.247577,36.5026384
맘애든치과의원,영상치의학과,세종시,127.2492225,36.5043082
금동치과의원,영상치의학과,세종시,127.251249,36.486926
좋은하루 치과의원,영상치의학과,세종시,127.2600097,36.51388
악어치과의원,영상치의학과,세종시,127.2586108,36.5143046
세종탑치과의원,영상치의학과,세종시,127.2503167,36.4860741
새롬숲치과의원,영상치의학과,세종시,127.2524926,36.4845919
원 치과의원,영상치의학과,세종시,127.2057423,36.4975364
바른우리치과교정과치과의원,영상치의학과,세종시,127.2509811,36.4866487
참좋아치과의원,영상치의학과,세종시,127.2436211,36.5116275
삼성온가족치과의원,영상치의학과,세종시,127.2481238,36.502816
덴탈365치과의원,영상치의학과,세종시,127.3022365,36.4894906
세종미소치과의원,영상치의학과,세종시,127.2891042,36.4783531
세종하이치과의원,영상치의학과,세종시,127.3117411,36.4980544
세종스타치과의원,영상치의학과,세종시,127.2577621,36.4900983
세종튼튼치과의원,영상치의학과,세종시,127.312127,36.4980948
더브라운치과의원,영상치의학과,세종시,127.2358501,36.5197309
황실치과의원,영상치의학과,세종시,127.2759102,36.4712866
세종드림치과의원,영상치의학과,세종시,127.2884324,36.4780565
첫마을치과의원,영상치의학과,세종시,127.2620398,36.4799392
연세해밀치과의원,영상치의학과,세종시,127.2644917,36.5285836
이도치과의원,영상치의학과,세종시,127.2563759,36.4888054
메디컬뱅크치과의원,영상치의학과,세종시,127.2572294,36.495415
세종365치과의원,영상치의학과,세종시,127.2576476,36.4860984
유앤성부부치과의원,영상치의학과,세종시,127.3127124,36.4981376
세종보람치과의원,영상치의학과,세종시,127.288437,36.4767037
두치과의원,영상치의학과,세종시,127.2497581,36.5042368
두치과의원,구강병리과,세종시,127.2497581,36.5042368
세종보람치과의원,구강병리과,세종시,127.288437,36.4767037
유앤성부부치과의원,구강병리과,세종시,127.3127124,36.4981376
이도치과의원,구강병리과,세종시,127.2563759,36.4888054
메디컬뱅크치과의원,구강병리과,세종시,127.2572294,36.495415
첫마을치과의원,구강병리과,세종시,127.2620398,36.4799392
세종365치과의원,구강병리과,세종시,127.2576476,36.4860984
세종튼튼치과의원,구강병리과,세종시,127.312127,36.4980948
세종드림치과의원,구강병리과,세종시,127.2884324,36.4780565
세종하이치과의원,구강병리과,세종시,127.3117411,36.4980544
세종스타치과의원,구강병리과,세종시,127.2577621,36.4900983
원 치과의원,구강병리과,세종시,127.2057423,36.4975364
세종미소치과의원,구강병리과,세종시,127.2891042,36.4783531
금동치과의원,구강병리과,세종시,127.251249,36.486926
맘애든치과의원,구강병리과,세종시,127.2492225,36.5043082
새롬숲치과의원,구강병리과,세종시,127.2524926,36.4845919
좋은하루 치과의원,구강병리과,세종시,127.2600097,36.51388
화이트부부치과의원,구강병리과,세종시,127.247577,36.5026384
악어치과의원,구강병리과,세종시,127.2586108,36.5143046
삼성온가족치과의원,구강병리과,세종시,127.2481238,36.502816
세종탑치과의원,구강병리과,세종시,127.2503167,36.4860741
덴탈365치과의원,구강병리과,세종시,127.3022365,36.4894906
세종베스트치과의원,구강병리과,세종시,127.2494741,36.5119072
김만주정성치과의원,구강병리과,세종시,127.3011073,36.4845761
앨리스치과의원,구강병리과,세종시,127.2567369,36.4878216
이편한홍치과의원,구강병리과,세종시,127.2826018,36.5621061
세종프라임치과의원,구강병리과,세종시,127.2611239,36.5080759
세종플란트치과의원,구강병리과,세종시,127.2625014,36.4793087
두치과의원,구강병리과,세종시,127.2497581,36.5042368
연세럭스치과의원,구강병리과,세종시,127.2486205,36.5119496
전의부부치과의원,구강병리과,세종시,127.2045998,36.679443
세종꾸러기소아치과의원,구강병리과,세종시,127.2998473,36.4853119
부강부부치과의원,구강병리과,세종시,127.3667183,36.5296588
부강부부치과의원,예방치과,세종시,127.3667183,36.5296588
원 치과의원,예방치과,세종시,127.2057423,36.4975364
세종꾸러기소아치과의원,예방치과,세종시,127.2998473,36.4853119
전의부부치과의원,예방치과,세종시,127.2045998,36.679443
연세럭스치과의원,예방치과,세종시,127.2486205,36.5119496
두치과의원,예방치과,세종시,127.2497581,36.5042368
제이와이치과의원,예방치과,세종시,127.2509811,36.4866487
세종프라임치과의원,예방치과,세종시,127.2611239,36.5080759
세종플란트치과의원,예방치과,세종시,127.2625014,36.4793087
이편한홍치과의원,예방치과,세종시,127.2826018,36.5621061
새온치과의원,예방치과,세종시,127.2502282,36.4868892
엔연세감동치과의원,예방치과,세종시,127.2518361,36.4840497
세움치과의원,예방치과,세종시,127.2494741,36.5119072
해들치과의원,예방치과,세종시,127.2780049,36.4726172
앨리스치과의원,예방치과,세종시,127.2567369,36.4878216
건강한이치과의원,예방치과,세종시,127.2486004,36.4944412
세종베스트치과의원,예방치과,세종시,127.2494741,36.5119072
김만주정성치과의원,예방치과,세종시,127.3011073,36.4845761
원 치과의원,예방치과,세종시,127.2057423,36.4975364
새롬숲치과의원,예방치과,세종시,127.2524926,36.4845919
금동치과의원,예방치과,세종시,127.251249,36.486926
맘애든치과의원,예방치과,세종시,127.2492225,36.5043082
더플랜트치과의원,예방치과,세종시,127.243243,36.5116515
좋은하루 치과의원,예방치과,세종시,127.2600097,36.51388
악어치과의원,예방치과,세종시,127.2586108,36.5143046
세종탑치과의원,예방치과,세종시,127.2503167,36.4860741
참좋아치과의원,예방치과,세종시,127.2436211,36.5116275
세종미소치과의원,예방치과,세종시,127.2891042,36.4783531
덴탈365치과의원,예방치과,세종시,127.3022365,36.4894906
삼성온가족치과의원,예방치과,세종시,127.2481238,36.502816
바른우리치과교정과치과의원,예방치과,세종시,127.2509811,36.4866487
도담민들레치과의원,예방치과,세종시,127.2578153,36.5146905
화이트부부치과의원,예방치과,세종시,127.247577,36.5026384
세종드림치과의원,예방치과,세종시,127.2884324,36.4780565
더브라운치과의원,예방치과,세종시,127.2358501,36.5197309
세종스타치과의원,예방치과,세종시,127.2577621,36.4900983
세종튼튼치과의원,예방치과,세종시,127.312127,36.4980948
황실치과의원,예방치과,세종시,127.2759102,36.4712866
세종하이치과의원,예방치과,세종시,127.3117411,36.4980544
유앤성부부치과의원,예방치과,세종시,127.3127124,36.4981376
연세해밀치과의원,예방치과,세종시,127.2644917,36.5285836
이도치과의원,예방치과,세종시,127.2563759,36.4888054
세종보람치과의원,예방치과,세종시,127.288437,36.4767037
메디컬뱅크치과의원,예방치과,세종시,127.2572294,36.495415
세종365치과의원,예방치과,세종시,127.2576476,36.4860984
첫마을치과의원,예방치과,세종시,127.2620398,36.4799392
두치과의원,예방치과,세종시,127.2497581,36.5042368
세움치과의원,통합치의학과,세종시,127.2494741,36.5119072
두치과의원,통합치의학과,세종시,127.2497581,36.5042368
이도치과의원,통합치의학과,세종시,127.2563759,36.4888054
첫마을치과의원,통합치의학과,세종시,127.2620398,36.4799392
세종보람치과의원,통합치의학과,세종시,127.288437,36.4767037
유앤성부부치과의원,통합치의학과,세종시,127.3127124,36.4981376
더브라운치과의원,통합치의학과,세종시,127.2358501,36.5197309
세종드림치과의원,통합치의학과,세종시,127.2884324,36.4780565
원 치과의원,통합치의학과,세종시,127.2057423,36.4975364
세종미소치과의원,통합치의학과,세종시,127.2891042,36.4783531
이병진치과의원,통합치의학과,세종시,127.2976156,36.6014527
악어치과의원,통합치의학과,세종시,127.2586108,36.5143046
김만주정성치과의원,통합치의학과,세종시,127.3011073,36.4845761
앨리스치과의원,통합치의학과,세종시,127.2567369,36.4878216
엔연세감동치과의원,통합치의학과,세종시,127.2518361,36.4840497
세움치과의원,통합치의학과,세종시,127.2494741,36.5119072
세종서울치과의원,통합치의학과,세종시,127.2496518,36.5045141
세종꾸러기소아치과의원,통합치의학과,세종시,127.2998473,36.4853119
연세해밀치과의원,통합치의학과,세종시,127.2644917,36.5285836
단국대학교 치과대학 세종치과병원,통합치의학과,세종시,127.2711462,36.5044141
부강부부치과의원,통합치의학과,세종시,127.3667183,36.5296588
가온한의원,한방내과,세종시,127.248559,36.4949999
조치원노인전문병원,한방내과,세종시,127.2378653,36.6130192
의료법인 선은의료재단 중앙요양병원,한방내과,세종시,127.2883415,36.6133851
백상한의원,한방내과,세종시,127.2990387,36.6006537
가온한의원,한방내과,세종시,127.248559,36.4949999
바로선한의원,한방내과,세종시,127.2518361,36.4840497
아이맘편작한의원,한방내과,세종시,127.2624604,36.5082343
아이맘편작한의원,한방내과,세종시,127.2624604,36.5082343
세종심온한방병원,한방내과,세종시,127.2754587,36.4710506
밝은한방병원,한방내과,세종시,127.2767834,36.4729981
오케이한방병원,한방내과,세종시,127.2558359,36.4939328
세종경희한방병원,한방내과,세종시,127.2759599,36.4732517
박성섭한의원,한방내과,세종시,127.298872,36.6010335
초목한의원,한방내과,세종시,127.250338,36.4857521
에이스한의원,한방내과,세종시,127.2486205,36.5119496
아낌없이주는나무한의원,한방내과,세종시,127.3127124,36.4981376
세종양지한의원,한방내과,세종시,127.2486688,36.494013
세종대일당한의원,한방내과,세종시,127.2625014,36.4793087
백상한의원,한방내과,세종시,127.2990387,36.6006537
범지기한의원,한방내과,세종시,127.2484095,36.5114037
김종열한의원,한방내과,세종시,127.2763919,36.4715494
아이맘편작한의원,한방내과,세종시,127.2624604,36.5082343
에이스한의원,한방내과,세종시,127.2486205,36.5119496
세종청사 제2부속한의원,한방내과,세종시,127.2606212,36.499574
세종청사 부속한의원,한방내과,세종시,127.2652833,36.5042886
세종함소아한의원,한방내과,세종시,127.2436211,36.5116275
박소영한의원,한방내과,세종시,127.247577,36.5026384
광제중국한의원,한방내과,세종시,127.3015029,36.6014752
행복경희한의원,한방내과,세종시,127.2352035,36.5055389
종화한의원,한방내과,세종시,127.2574385,36.4864392
장효길한의원,한방내과,세종시,127.2884324,36.4780565
세종맘한의원,한방내과,세종시,127.2567369,36.4878216
경희고운한의원,한방내과,세종시,127.2346888,36.5193249
현가한의원,한방내과,세종시,127.2990548,36.6002343
고운마음한의원,한방내과,세종시,127.2339799,36.5058406
이제한의원,한방내과,세종시,127.249982639533,36.4869446272545
봄뜰부부한의원,한방내과,세종시,127.288437,36.4767037
세종청사 제3부속한의원,한방내과,세종시,127.2607032,36.4850396
바로선한의원,한방내과,세종시,127.2518361,36.4840497
세종센텀한의원,한방내과,세종시,127.2644917,36.5285836
새롬한의원,한방내과,세종시,127.2504878,36.4855255
가온한의원,한방내과,세종시,127.248559,36.4949999
현가한의원,한방내과,세종시,127.2990548,36.6002343
드림여성한의원,한방내과,세종시,127.2436211,36.5116275
이룸한의원,한방내과,세종시,127.2600097,36.51388
세종경희한의원,한방내과,세종시,127.2620398,36.4799392
해들한의원,한방내과,세종시,127.2771921,36.4720981
백헌한의원,한방내과,세종시,127.3117411,36.4980544
가온한의원,한방내과,세종시,127.248559,36.4949999
여담한의원,한방내과,세종시,127.271753,36.5041484
태이재한의원,한방내과,세종시,127.3006829,36.4849314
세종튼튼한의원,한방내과,세종시,127.2780049,36.4726172
반곡한의원,한방내과,세종시,127.312127,36.4980948
으랏차한의원,한방내과,세종시,127.2624604,36.5082343
경희일구한의원,한방내과,세종시,127.2985786,36.5996206
세종상신한의원,한방내과,세종시,127.2605134,36.4820673
둥구나무한의원,한방내과,세종시,127.2810218,36.4637903
박승룡한의원,한방내과,세종시,127.2499068,36.5031568
세종소담한의원,한방내과,세종시,127.2993632,36.4847414
아름한의원,한방내과,세종시,127.2498765,36.512261
세종도담한의원,한방내과,세종시,127.2586108,36.5143046
새봄빛한의원,한방내과,세종시,127.3650651,36.5305333
목은한의원,한방내과,세종시,127.2618223,36.4802343
임재욱한의원,한방내과,세종시,127.2980202,36.5933334
가온한의원,한방내과,세종시,127.248559,36.4949999
가온한의원,한방부인과,세종시,127.248559,36.4949999
목은한의원,한방부인과,세종시,127.2618223,36.4802343
세종도담한의원,한방부인과,세종시,127.2586108,36.5143046
임재욱한의원,한방부인과,세종시,127.2980202,36.5933334
아름한의원,한방부인과,세종시,127.2498765,36.512261
새봄빛한의원,한방부인과,세종시,127.3650651,36.5305333
박승룡한의원,한방부인과,세종시,127.2499068,36.5031568
둥구나무한의원,한방부인과,세종시,127.2810218,36.4637903
세종소담한의원,한방부인과,세종시,127.2993632,36.4847414
세종상신한의원,한방부인과,세종시,127.2605134,36.4820673
경희일구한의원,한방부인과,세종시,127.2985786,36.5996206
백헌한의원,한방부인과,세종시,127.3117411,36.4980544
세종튼튼한의원,한방부인과,세종시,127.2780049,36.4726172
으랏차한의원,한방부인과,세종시,127.2624604,36.5082343
여담한의원,한방부인과,세종시,127.271753,36.5041484
가온한의원,한방부인과,세종시,127.248559,36.4949999
태이재한의원,한방부인과,세종시,127.3006829,36.4849314
반곡한의원,한방부인과,세종시,127.312127,36.4980948
세종경희한의원,한방부인과,세종시,127.2620398,36.4799392
해들한의원,한방부인과,세종시,127.2771921,36.4720981
드림여성한의원,한방부인과,세종시,127.2436211,36.5116275
새롬한의원,한방부인과,세종시,127.2504878,36.4855255
봄뜰부부한의원,한방부인과,세종시,127.288437,36.4767037
현가한의원,한방부인과,세종시,127.2990548,36.6002343
세종센텀한의원,한방부인과,세종시,127.2644917,36.5285836
가온한의원,한방부인과,세종시,127.248559,36.4949999
바로선한의원,한방부인과,세종시,127.2518361,36.4840497
이룸한의원,한방부인과,세종시,127.2600097,36.51388
에이스한의원,한방부인과,세종시,127.2486205,36.5119496
고운마음한의원,한방부인과,세종시,127.2339799,36.5058406
세종함소아한의원,한방부인과,세종시,127.2436211,36.5116275
박소영한의원,한방부인과,세종시,127.247577,36.5026384
광제중국한의원,한방부인과,세종시,127.3015029,36.6014752
현가한의원,한방부인과,세종시,127.2990548,36.6002343
종화한의원,한방부인과,세종시,127.2574385,36.4864392
장효길한의원,한방부인과,세종시,127.2884324,36.4780565
세종맘한의원,한방부인과,세종시,127.2567369,36.4878216
경희고운한의원,한방부인과,세종시,127.2346888,36.5193249
이제한의원,한방부인과,세종시,127.249982639533,36.4869446272545
행복경희한의원,한방부인과,세종시,127.2352035,36.5055389
김종열한의원,한방부인과,세종시,127.2763919,36.4715494
아이맘편작한의원,한방부인과,세종시,127.2624604,36.5082343
범지기한의원,한방부인과,세종시,127.2484095,36.5114037
백상한의원,한방부인과,세종시,127.2990387,36.6006537
세종양지한의원,한방부인과,세종시,127.2486688,36.494013
세종대일당한의원,한방부인과,세종시,127.2625014,36.4793087
아낌없이주는나무한의원,한방부인과,세종시,127.3127124,36.4981376
에이스한의원,한방부인과,세종시,127.2486205,36.5119496
초목한의원,한방부인과,세종시,127.250338,36.4857521
박성섭한의원,한방부인과,세종시,127.298872,36.6010335
세종심온한방병원,한방부인과,세종시,127.2754587,36.4710506
세종경희한방병원,한방부인과,세종시,127.2759599,36.4732517
오케이한방병원,한방부인과,세종시,127.2558359,36.4939328
밝은한방병원,한방부인과,세종시,127.2767834,36.4729981
아이맘편작한의원,한방부인과,세종시,127.2624604,36.5082343
아이맘편작한의원,한방부인과,세종시,127.2624604,36.5082343
바로선한의원,한방부인과,세종시,127.2518361,36.4840497
가온한의원,한방부인과,세종시,127.248559,36.4949999
가온한의원,한방부인과,세종시,127.248559,36.4949999
가온한의원,한방소아과,세종시,127.248559,36.4949999
가온한의원,한방소아과,세종시,127.248559,36.4949999
바로선한의원,한방소아과,세종시,127.2518361,36.4840497
아이맘편작한의원,한방소아과,세종시,127.2624604,36.5082343
아이맘편작한의원,한방소아과,세종시,127.2624604,36.5082343
세종심온한방병원,한방소아과,세종시,127.2754587,36.4710506
세종경희한방병원,한방소아과,세종시,127.2759599,36.4732517
밝은한방병원,한방소아과,세종시,127.2767834,36.4729981
오케이한방병원,한방소아과,세종시,127.2558359,36.4939328
박성섭한의원,한방소아과,세종시,127.298872,36.6010335
초목한의원,한방소아과,세종시,127.250338,36.4857521
에이스한의원,한방소아과,세종시,127.2486205,36.5119496
아낌없이주는나무한의원,한방소아과,세종시,127.3127124,36.4981376
세종양지한의원,한방소아과,세종시,127.2486688,36.494013
세종대일당한의원,한방소아과,세종시,127.2625014,36.4793087
백상한의원,한방소아과,세종시,127.2990387,36.6006537
아이맘편작한의원,한방소아과,세종시,127.2624604,36.5082343
범지기한의원,한방소아과,세종시,127.2484095,36.5114037
김종열한의원,한방소아과,세종시,127.2763919,36.4715494
고운마음한의원,한방소아과,세종시,127.2339799,36.5058406
에이스한의원,한방소아과,세종시,127.2486205,36.5119496
세종함소아한의원,한방소아과,세종시,127.2436211,36.5116275
세종맘한의원,한방소아과,세종시,127.2567369,36.4878216
경희고운한의원,한방소아과,세종시,127.2346888,36.5193249
종화한의원,한방소아과,세종시,127.2574385,36.4864392
박소영한의원,한방소아과,세종시,127.247577,36.5026384
장효길한의원,한방소아과,세종시,127.2884324,36.4780565
광제중국한의원,한방소아과,세종시,127.3015029,36.6014752
행복경희한의원,한방소아과,세종시,127.2352035,36.5055389
이제한의원,한방소아과,세종시,127.249982639533,36.4869446272545
현가한의원,한방소아과,세종시,127.2990548,36.6002343
바로선한의원,한방소아과,세종시,127.2518361,36.4840497
현가한의원,한방소아과,세종시,127.2990548,36.6002343
새롬한의원,한방소아과,세종시,127.2504878,36.4855255
이룸한의원,한방소아과,세종시,127.2600097,36.51388
가온한의원,한방소아과,세종시,127.248559,36.4949999
봄뜰부부한의원,한방소아과,세종시,127.288437,36.4767037
드림여성한의원,한방소아과,세종시,127.2436211,36.5116275
세종센텀한의원,한방소아과,세종시,127.2644917,36.5285836
해들한의원,한방소아과,세종시,127.2771921,36.4720981
세종경희한의원,한방소아과,세종시,127.2620398,36.4799392
태이재한의원,한방소아과,세종시,127.3006829,36.4849314
세종튼튼한의원,한방소아과,세종시,127.2780049,36.4726172
반곡한의원,한방소아과,세종시,127.312127,36.4980948
여담한의원,한방소아과,세종시,127.271753,36.5041484
으랏차한의원,한방소아과,세종시,127.2624604,36.5082343
가온한의원,한방소아과,세종시,127.248559,36.4949999
백헌한의원,한방소아과,세종시,127.3117411,36.4980544
세종상신한의원,한방소아과,세종시,127.2605134,36.4820673
경희일구한의원,한방소아과,세종시,127.2985786,36.5996206
둥구나무한의원,한방소아과,세종시,127.2810218,36.4637903
세종소담한의원,한방소아과,세종시,127.2993632,36.4847414
박승룡한의원,한방소아과,세종시,127.2499068,36.5031568
목은한의원,한방소아과,세종시,127.2618223,36.4802343
새봄빛한의원,한방소아과,세종시,127.3650651,36.5305333
아름한의원,한방소아과,세종시,127.2498765,36.512261
임재욱한의원,한방소아과,세종시,127.2980202,36.5933334
세종도담한의원,한방소아과,세종시,127.2586108,36.5143046
가온한의원,한방소아과,세종시,127.248559,36.4949999
가온한의원,한방안·이비인후·피부과,세종시,127.248559,36.4949999
아름한의원,한방안·이비인후·피부과,세종시,127.2498765,36.512261
임재욱한의원,한방안·이비인후·피부과,세종시,127.2980202,36.5933334
세종도담한의원,한방안·이비인후·피부과,세종시,127.2586108,36.5143046
새봄빛한의원,한방안·이비인후·피부과,세종시,127.3650651,36.5305333
목은한의원,한방안·이비인후·피부과,세종시,127.2618223,36.4802343
둥구나무한의원,한방안·이비인후·피부과,세종시,127.2810218,36.4637903
세종소담한의원,한방안·이비인후·피부과,세종시,127.2993632,36.4847414
박승룡한의원,한방안·이비인후·피부과,세종시,127.2499068,36.5031568
세종상신한의원,한방안·이비인후·피부과,세종시,127.2605134,36.4820673
경희일구한의원,한방안·이비인후·피부과,세종시,127.2985786,36.5996206
반곡한의원,한방안·이비인후·피부과,세종시,127.312127,36.4980948
태이재한의원,한방안·이비인후·피부과,세종시,127.3006829,36.4849314
으랏차한의원,한방안·이비인후·피부과,세종시,127.2624604,36.5082343
여담한의원,한방안·이비인후·피부과,세종시,127.271753,36.5041484
세종튼튼한의원,한방안·이비인후·피부과,세종시,127.2780049,36.4726172
백헌한의원,한방안·이비인후·피부과,세종시,127.3117411,36.4980544
가온한의원,한방안·이비인후·피부과,세종시,127.248559,36.4949999
세종경희한의원,한방안·이비인후·피부과,세종시,127.2620398,36.4799392
해들한의원,한방안·이비인후·피부과,세종시,127.2771921,36.4720981
바로선한의원,한방안·이비인후·피부과,세종시,127.2518361,36.4840497
새롬한의원,한방안·이비인후·피부과,세종시,127.2504878,36.4855255
봄뜰부부한의원,한방안·이비인후·피부과,세종시,127.288437,36.4767037
이룸한의원,한방안·이비인후·피부과,세종시,127.2600097,36.51388
가온한의원,한방안·이비인후·피부과,세종시,127.248559,36.4949999
드림여성한의원,한방안·이비인후·피부과,세종시,127.2436211,36.5116275
현가한의원,한방안·이비인후·피부과,세종시,127.2990548,36.6002343
세종센텀한의원,한방안·이비인후·피부과,세종시,127.2644917,36.5285836
에이스한의원,한방안·이비인후·피부과,세종시,127.2486205,36.5119496
세종맘한의원,한방안·이비인후·피부과,세종시,127.2567369,36.4878216
현가한의원,한방안·이비인후·피부과,세종시,127.2990548,36.6002343
행복경희한의원,한방안·이비인후·피부과,세종시,127.2352035,36.5055389
이제한의원,한방안·이비인후·피부과,세종시,127.249982639533,36.4869446272545
고운마음한의원,한방안·이비인후·피부과,세종시,127.2339799,36.5058406
경희고운한의원,한방안·이비인후·피부과,세종시,127.2346888,36.5193249
장효길한의원,한방안·이비인후·피부과,세종시,127.2884324,36.4780565
세종함소아한의원,한방안·이비인후·피부과,세종시,127.2436211,36.5116275
박소영한의원,한방안·이비인후·피부과,세종시,127.247577,36.5026384
광제중국한의원,한방안·이비인후·피부과,세종시,127.3015029,36.6014752
종화한의원,한방안·이비인후·피부과,세종시,127.2574385,36.4864392
아이맘편작한의원,한방안·이비인후·피부과,세종시,127.2624604,36.5082343
김종열한의원,한방안·이비인후·피부과,세종시,127.2763919,36.4715494
범지기한의원,한방안·이비인후·피부과,세종시,127.2484095,36.5114037
백상한의원,한방안·이비인후·피부과,세종시,127.2990387,36.6006537
세종양지한의원,한방안·이비인후·피부과,세종시,127.2486688,36.494013
세종대일당한의원,한방안·이비인후·피부과,세종시,127.2625014,36.4793087
아낌없이주는나무한의원,한방안·이비인후·피부과,세종시,127.3127124,36.4981376
에이스한의원,한방안·이비인후·피부과,세종시,127.2486205,36.5119496
초목한의원,한방안·이비인후·피부과,세종시,127.250338,36.4857521
세종경희한방병원,한방안·이비인후·피부과,세종시,127.2759599,36.4732517
오케이한방병원,한방안·이비인후·피부과,세종시,127.2558359,36.4939328
밝은한방병원,한방안·이비인후·피부과,세종시,127.2767834,36.4729981
세종심온한방병원,한방안·이비인후·피부과,세종시,127.2754587,36.4710506
아이맘편작한의원,한방안·이비인후·피부과,세종시,127.2624604,36.5082343
아이맘편작한의원,한방안·이비인후·피부과,세종시,127.2624604,36.5082343
바로선한의원,한방안·이비인후·피부과,세종시,127.2518361,36.4840497
가온한의원,한방안·이비인후·피부과,세종시,127.248559,36.4949999
백상한의원,한방안·이비인후·피부과,세종시,127.2990387,36.6006537
가온한의원,한방안·이비인후·피부과,세종시,127.248559,36.4949999
가온한의원,한방신경정신과,세종시,127.248559,36.4949999
가온한의원,한방신경정신과,세종시,127.248559,36.4949999
바로선한의원,한방신경정신과,세종시,127.2518361,36.4840497
아이맘편작한의원,한방신경정신과,세종시,127.2624604,36.5082343
아이맘편작한의원,한방신경정신과,세종시,127.2624604,36.5082343
세종심온한방병원,한방신경정신과,세종시,127.2754587,36.4710506
오케이한방병원,한방신경정신과,세종시,127.2558359,36.4939328
밝은한방병원,한방신경정신과,세종시,127.2767834,36.4729981
세종경희한방병원,한방신경정신과,세종시,127.2759599,36.4732517
박성섭한의원,한방신경정신과,세종시,127.298872,36.6010335
초목한의원,한방신경정신과,세종시,127.250338,36.4857521
아낌없이주는나무한의원,한방신경정신과,세종시,127.3127124,36.4981376
에이스한의원,한방신경정신과,세종시,127.2486205,36.5119496
세종양지한의원,한방신경정신과,세종시,127.2486688,36.494013
세종대일당한의원,한방신경정신과,세종시,127.2625014,36.4793087
백상한의원,한방신경정신과,세종시,127.2990387,36.6006537
범지기한의원,한방신경정신과,세종시,127.2484095,36.5114037
김종열한의원,한방신경정신과,세종시,127.2763919,36.4715494
아이맘편작한의원,한방신경정신과,세종시,127.2624604,36.5082343
이제한의원,한방신경정신과,세종시,127.249982639533,36.4869446272545
고운마음한의원,한방신경정신과,세종시,127.2339799,36.5058406
박소영한의원,한방신경정신과,세종시,127.247577,36.5026384
행복경희한의원,한방신경정신과,세종시,127.2352035,36.5055389
현가한의원,한방신경정신과,세종시,127.2990548,36.6002343
광제중국한의원,한방신경정신과,세종시,127.3015029,36.6014752
경희고운한의원,한방신경정신과,세종시,127.2346888,36.5193249
세종함소아한의원,한방신경정신과,세종시,127.2436211,36.5116275
세종맘한의원,한방신경정신과,세종시,127.2567369,36.4878216
에이스한의원,한방신경정신과,세종시,127.2486205,36.5119496
장효길한의원,한방신경정신과,세종시,127.2884324,36.4780565
종화한의원,한방신경정신과,세종시,127.2574385,36.4864392
봄뜰부부한의원,한방신경정신과,세종시,127.288437,36.4767037
현가한의원,한방신경정신과,세종시,127.2990548,36.6002343
가온한의원,한방신경정신과,세종시,127.248559,36.4949999
바로선한의원,한방신경정신과,세종시,127.2518361,36.4840497
이룸한의원,한방신경정신과,세종시,127.2600097,36.51388
세종센텀한의원,한방신경정신과,세종시,127.2644917,36.5285836
새롬한의원,한방신경정신과,세종시,127.2504878,36.4855255
세종경희한의원,한방신경정신과,세종시,127.2620398,36.4799392
해들한의원,한방신경정신과,세종시,127.2771921,36.4720981
가온한의원,한방신경정신과,세종시,127.248559,36.4949999
여담한의원,한방신경정신과,세종시,127.271753,36.5041484
세종튼튼한의원,한방신경정신과,세종시,127.2780049,36.4726172
백헌한의원,한방신경정신과,세종시,127.3117411,36.4980544
태이재한의원,한방신경정신과,세종시,127.3006829,36.4849314
반곡한의원,한방신경정신과,세종시,127.312127,36.4980948
으랏차한의원,한방신경정신과,세종시,127.2624604,36.5082343
세종상신한의원,한방신경정신과,세종시,127.2605134,36.4820673
경희일구한의원,한방신경정신과,세종시,127.2985786,36.5996206
둥구나무한의원,한방신경정신과,세종시,127.2810218,36.4637903
박승룡한의원,한방신경정신과,세종시,127.2499068,36.5031568
세종소담한의원,한방신경정신과,세종시,127.2993632,36.4847414
아름한의원,한방신경정신과,세종시,127.2498765,36.512261
임재욱한의원,한방신경정신과,세종시,127.2980202,36.5933334
세종도담한의원,한방신경정신과,세종시,127.2586108,36.5143046
새봄빛한의원,한방신경정신과,세종시,127.3650651,36.5305333
목은한의원,한방신경정신과,세종시,127.2618223,36.4802343
가온한의원,한방신경정신과,세종시,127.248559,36.4949999
가온한의원,침구과,세종시,127.248559,36.4949999
세종도담한의원,침구과,세종시,127.2586108,36.5143046
새봄빛한의원,침구과,세종시,127.3650651,36.5305333
목은한의원,침구과,세종시,127.2618223,36.4802343
임재욱한의원,침구과,세종시,127.2980202,36.5933334
아름한의원,침구과,세종시,127.2498765,36.512261
세종소담한의원,침구과,세종시,127.2993632,36.4847414
박승룡한의원,침구과,세종시,127.2499068,36.5031568
둥구나무한의원,침구과,세종시,127.2810218,36.4637903
경희일구한의원,침구과,세종시,127.2985786,36.5996206
세종상신한의원,침구과,세종시,127.2605134,36.4820673
백헌한의원,침구과,세종시,127.3117411,36.4980544
반곡한의원,침구과,세종시,127.312127,36.4980948
으랏차한의원,침구과,세종시,127.2624604,36.5082343
가온한의원,침구과,세종시,127.248559,36.4949999
여담한의원,침구과,세종시,127.271753,36.5041484
태이재한의원,침구과,세종시,127.3006829,36.4849314
세종튼튼한의원,침구과,세종시,127.2780049,36.4726172
해들한의원,침구과,세종시,127.2771921,36.4720981
세종경희한의원,침구과,세종시,127.2620398,36.4799392
세종센텀한의원,침구과,세종시,127.2644917,36.5285836
바로선한의원,침구과,세종시,127.2518361,36.4840497
현가한의원,침구과,세종시,127.2990548,36.6002343
가온한의원,침구과,세종시,127.248559,36.4949999
드림여성한의원,침구과,세종시,127.2436211,36.5116275
이룸한의원,침구과,세종시,127.2600097,36.51388
봄뜰부부한의원,침구과,세종시,127.288437,36.4767037
세종청사 제3부속한의원,침구과,세종시,127.2607032,36.4850396
새롬한의원,침구과,세종시,127.2504878,36.4855255
행복경희한의원,침구과,세종시,127.2352035,36.5055389
종화한의원,침구과,세종시,127.2574385,36.4864392
경희고운한의원,침구과,세종시,127.2346888,36.5193249
세종맘한의원,침구과,세종시,127.2567369,36.4878216
장효길한의원,침구과,세종시,127.2884324,36.4780565
고운마음한의원,침구과,세종시,127.2339799,36.5058406
이제한의원,침구과,세종시,127.249982639533,36.4869446272545
에이스한의원,침구과,세종시,127.2486205,36.5119496
세종함소아한의원,침구과,세종시,127.2436211,36.5116275
세종청사 부속한의원,침구과,세종시,127.2652833,36.5042886
세종청사 제2부속한의원,침구과,세종시,127.2606212,36.499574
현가한의원,침구과,세종시,127.2990548,36.6002343
박소영한의원,침구과,세종시,127.247577,36.5026384
광제중국한의원,침구과,세종시,127.3015029,36.6014752
범지기한의원,침구과,세종시,127.2484095,36.5114037
김종열한의원,침구과,세종시,127.2763919,36.4715494
아이맘편작한의원,침구과,세종시,127.2624604,36.5082343
백상한의원,침구과,세종시,127.2990387,36.6006537
세종양지한의원,침구과,세종시,127.2486688,36.494013
세종대일당한의원,침구과,세종시,127.2625014,36.4793087
아낌없이주는나무한의원,침구과,세종시,127.3127124,36.4981376
에이스한의원,침구과,세종시,127.2486205,36.5119496
초목한의원,침구과,세종시,127.250338,36.4857521
세종경희한방병원,침구과,세종시,127.2759599,36.4732517
밝은한방병원,침구과,세종시,127.2767834,36.4729981
오케이한방병원,침구과,세종시,127.2558359,36.4939328
세종심온한방병원,침구과,세종시,127.2754587,36.4710506
아이맘편작한의원,침구과,세종시,127.2624604,36.5082343
아이맘편작한의원,침구과,세종시,127.2624604,36.5082343
바로선한의원,침구과,세종시,127.2518361,36.4840497
가온한의원,침구과,세종시,127.248559,36.4949999
백상한의원,침구과,세종시,127.2990387,36.6006537
운주산성요양병원,침구과,세종시,127.2241934,36.6689404
한마음효요양병원,침구과,세종시,127.2831172,36.6328463
의료법인 선은의료재단 중앙요양병원,침구과,세종시,127.2883415,36.6133851
가온한의원,침구과,세종시,127.248559,36.4949999
가온한의원,한방재활의학과,세종시,127.248559,36.4949999
가온한의원,한방재활의학과,세종시,127.248559,36.4949999
바로선한의원,한방재활의학과,세종시,127.2518361,36.4840497
아이맘편작한의원,한방재활의학과,세종시,127.2624604,36.5082343
아이맘편작한의원,한방재활의학과,세종시,127.2624604,36.5082343
오케이한방병원,한방재활의학과,세종시,127.2558359,36.4939328
세종심온한방병원,한방재활의학과,세종시,127.2754587,36.4710506
밝은한방병원,한방재활의학과,세종시,127.2767834,36.4729981
세종경희한방병원,한방재활의학과,세종시,127.2759599,36.4732517
초목한의원,한방재활의학과,세종시,127.250338,36.4857521
에이스한의원,한방재활의학과,세종시,127.2486205,36.5119496
아낌없이주는나무한의원,한방재활의학과,세종시,127.3127124,36.4981376
세종양지한의원,한방재활의학과,세종시,127.2486688,36.494013
백상한의원,한방재활의학과,세종시,127.2990387,36.6006537
범지기한의원,한방재활의학과,세종시,127.2484095,36.5114037
아이맘편작한의원,한방재활의학과,세종시,127.2624604,36.5082343
김종열한의원,한방재활의학과,세종시,127.2763919,36.4715494
장효길한의원,한방재활의학과,세종시,127.2884324,36.4780565
세종맘한의원,한방재활의학과,세종시,127.2567369,36.4878216
종화한의원,한방재활의학과,세종시,127.2574385,36.4864392
박소영한의원,한방재활의학과,세종시,127.247577,36.5026384
세종함소아한의원,한방재활의학과,세종시,127.2436211,36.5116275
에이스한의원,한방재활의학과,세종시,127.2486205,36.5119496
고운마음한의원,한방재활의학과,세종시,127.2339799,36.5058406
현가한의원,한방재활의학과,세종시,127.2990548,36.6002343
이제한의원,한방재활의학과,세종시,127.249982639533,36.4869446272545
행복경희한의원,한방재활의학과,세종시,127.2352035,36.5055389
경희고운한의원,한방재활의학과,세종시,127.2346888,36.5193249
세종센텀한의원,한방재활의학과,세종시,127.2644917,36.5285836
이룸한의원,한방재활의학과,세종시,127.2600097,36.51388
현가한의원,한방재활의학과,세종시,127.2990548,36.6002343
새롬한의원,한방재활의학과,세종시,127.2504878,36.4855255
가온한의원,한방재활의학과,세종시,127.248559,36.4949999
봄뜰부부한의원,한방재활의학과,세종시,127.288437,36.4767037
바로선한의원,한방재활의학과,세종시,127.2518361,36.4840497
해들한의원,한방재활의학과,세종시,127.2771921,36.4720981
세종경희한의원,한방재활의학과,세종시,127.2620398,36.4799392
백헌한의원,한방재활의학과,세종시,127.3117411,36.4980544
세종튼튼한의원,한방재활의학과,세종시,127.2780049,36.4726172
반곡한의원,한방재활의학과,세종시,127.312127,36.4980948
으랏차한의원,한방재활의학과,세종시,127.2624604,36.5082343
가온한의원,한방재활의학과,세종시,127.248559,36.4949999
태이재한의원,한방재활의학과,세종시,127.3006829,36.4849314
여담한의원,한방재활의학과,세종시,127.271753,36.5041484
경희일구한의원,한방재활의학과,세종시,127.2985786,36.5996206
세종상신한의원,한방재활의학과,세종시,127.2605134,36.4820673
둥구나무한의원,한방재활의학과,세종시,127.2810218,36.4637903
박승룡한의원,한방재활의학과,세종시,127.2499068,36.5031568
세종소담한의원,한방재활의학과,세종시,127.2993632,36.4847414
임재욱한의원,한방재활의학과,세종시,127.2980202,36.5933334
세종도담한의원,한방재활의학과,세종시,127.2586108,36.5143046
아름한의원,한방재활의학과,세종시,127.2498765,36.512261
목은한의원,한방재활의학과,세종시,127.2618223,36.4802343
새봄빛한의원,한방재활의학과,세종시,127.3650651,36.5305333
가온한의원,한방재활의학과,세종시,127.248559,36.4949999
새봄빛한의원,사상체질과,세종시,127.3650651,36.5305333
목은한의원,사상체질과,세종시,127.2618223,36.4802343
임재욱한의원,사상체질과,세종시,127.2980202,36.5933334
아름한의원,사상체질과,세종시,127.2498765,36.512261
세종소담한의원,사상체질과,세종시,127.2993632,36.4847414
둥구나무한의원,사상체질과,세종시,127.2810218,36.4637903
박승룡한의원,사상체질과,세종시,127.2499068,36.5031568
세종상신한의원,사상체질과,세종시,127.2605134,36.4820673
가온한의원,사상체질과,세종시,127.248559,36.4949999
으랏차한의원,사상체질과,세종시,127.2624604,36.5082343
세종튼튼한의원,사상체질과,세종시,127.2780049,36.4726172
태이재한의원,사상체질과,세종시,127.3006829,36.4849314
여담한의원,사상체질과,세종시,127.271753,36.5041484
세종경희한의원,사상체질과,세종시,127.2620398,36.4799392
해들한의원,사상체질과,세종시,127.2771921,36.4720981
현가한의원,사상체질과,세종시,127.2990548,36.6002343
새롬한의원,사상체질과,세종시,127.2504878,36.4855255
봄뜰부부한의원,사상체질과,세종시,127.288437,36.4767037
가온한의원,사상체질과,세종시,127.248559,36.4949999
이룸한의원,사상체질과,세종시,127.2600097,36.51388
세종센텀한의원,사상체질과,세종시,127.2644917,36.5285836
드림여성한의원,사상체질과,세종시,127.2436211,36.5116275
바로선한의원,사상체질과,세종시,127.2518361,36.4840497
행복경희한의원,사상체질과,세종시,127.2352035,36.5055389
종화한의원,사상체질과,세종시,127.2574385,36.4864392
고운마음한의원,사상체질과,세종시,127.2339799,36.5058406
박소영한의원,사상체질과,세종시,127.247577,36.5026384
현가한의원,사상체질과,세종시,127.2990548,36.6002343
에이스한의원,사상체질과,세종시,127.2486205,36.5119496
이제한의원,사상체질과,세종시,127.249982639533,36.4869446272545
경희고운한의원,사상체질과,세종시,127.2346888,36.5193249
세종함소아한의원,사상체질과,세종시,127.2436211,36.5116275
아이맘편작한의원,사상체질과,세종시,127.2624604,36.5082343
김종열한의원,사상체질과,세종시,127.2763919,36.4715494
범지기한의원,사상체질과,세종시,127.2484095,36.5114037
백상한의원,사상체질과,세종시,127.2990387,36.6006537
세종양지한의원,사상체질과,세종시,127.2486688,36.494013
아낌없이주는나무한의원,사상체질과,세종시,127.3127124,36.4981376
초목한의원,사상체질과,세종시,127.250338,36.4857521
밝은한방병원,사상체질과,세종시,127.2767834,36.4729981
세종경희한방병원,사상체질과,세종시,127.2759599,36.4732517
오케이한방병원,사상체질과,세종시,127.2558359,36.4939328
세종심온한방병원,사상체질과,세종시,127.2754587,36.4710506
아이맘편작한의원,사상체질과,세종시,127.2624604,36.5082343
아이맘편작한의원,사상체질과,세종시,127.2624604,36.5082343
바로선한의원,사상체질과,세종시,127.2518361,36.4840497
가온한의원,사상체질과,세종시,127.248559,36.4949999
가온한의원,사상체질과,세종시,127.248559,36.4949999
가온한의원,한방응급,세종시,127.248559,36.4949999
행복경희한의원,한방응급,세종시,127.2352035,36.5055389
세종경희한의원,한방응급,세종시,127.2620398,36.4799392
으랏차한의원,한방응급,세종시,127.2624604,36.5082343
아름한의원,한방응급,세종시,127.2498765,36.512261
새봄빛한의원,한방응급,세종시,127.3650651,36.5305333
